번호,본부,사업소,팀,작업명,위험요인,안전조치방법,빈도,강도,위험성
1,전남본부,구례구전기사업소,본소,수·배전설비 점검,"기계적 요인(긁힘, 넘어짐, 추락, 충돌, 협착)",안전보호구 착용,,,
2,전남본부,구례구전기사업소,본소,수·배전설비 점검,"기계적 요인(긁힘, 넘어짐, 추락, 충돌, 협착)",접촉 부 플라스틱 댐퍼 부착,,,
3,전남본부,구례구전기사업소,본소,수·배전설비 점검,"기계적 요인(긁힘, 넘어짐, 추락, 충돌, 협착)",그네식 안전대 및 웨어러블 착용,,,
4,전남본부,구례구전기사업소,본소,수·배전설비 점검,"기계적 요인(긁힘, 넘어짐, 추락, 충돌, 협착)",열차감시원 배치 및 열차접근앱 사용,,,
5,전남본부,구례구전기사업소,본소,수·배전설비 점검,"기계적 요인(긁힘, 넘어짐, 추락, 충돌, 협착)",손끼임 주의표지 부착,,,
6,전남본부,구례구전기사업소,본소,수·배전설비 점검,전기적 요인(감전),안전보호구 착용,,,
7,전남본부,구례구전기사업소,본소,수·배전설비 점검,전기적 요인(감전),작업개소 전단 접지걸이 설치,,,
8,전남본부,구례구전기사업소,본소,수·배전설비 점검,전기적 요인(감전),"통전표시기, 검전기 사용 급전상태 확인",,,
9,전남본부,구례구전기사업소,본소,수·배전설비 점검,전기적 요인(감전),감전주의 표지 부착 및 검전기 사용 교육,,,
10,전남본부,구례구전기사업소,본소,수·배전설비 점검,전기적 요인(감전),동시수용개소는 열화상 측정으로 대체,,,
11,전남본부,구례구전기사업소,본소,수·배전설비 점검,전기적 요인(감전),"배전선로 L1, L2 혼용개소 전체단전후 작업 시행",,,
12,전남본부,구례구전기사업소,본소,수·배전설비 점검,전기적 요인(감전),"배전선로 L1, L2 홍용개소 절연격벽 설치",,,
13,전남본부,구례구전기사업소,본소,수·배전설비 점검,전기적 요인(감전),절연저항 측정 후 방전작업 시행,,,
14,전남본부,구례구전기사업소,본소,수·배전설비 점검,전기적 요인(감전),개인별 휴대용 검전기 소지 및 작업전 단전확인,,,
15,전남본부,구례구전기사업소,본소,수·배전설비 점검,전기적 요인(감전),작업전 위험예지훈련,,,
16,전남본부,구례구전기사업소,본소,수·배전설비 점검,전기적 요인(감전),급단전 협의 철저,,,
17,전남본부,구례구전기사업소,본소,수·배전설비 점검,전기적 요인(감전),작업전 계통도 숙지 및 교육 철저,,,
18,전남본부,구례구전기사업소,본소,수·배전설비 점검,전기적 요인(감전),작업자간 의사소통 철저,,,
19,전남본부,구례구전기사업소,본소,수·배전설비 점검,전력계통 미숙지에 의한 감전사고(감전),개인별 휴대용 검전기 착용,,,
20,전남본부,구례구전기사업소,본소,수·배전설비 점검,전력계통 미숙지에 의한 감전사고(감전),작업전 검전기 사용,,,
21,전남본부,구례구전기사업소,본소,수·배전설비 점검,전력계통 미숙지에 의한 감전사고(감전),급단전 협의 철저,,,
22,전남본부,구례구전기사업소,본소,수·배전설비 점검,전력계통 미숙지에 의한 감전사고(감전),작업전 계통도 숙지 및 교육 철저,,,
23,전남본부,구례구전기사업소,본소,수·배전설비 점검,"작업특성요인(근로자 실수, 저압 또는 고압 급전상태)",안전보호구 착용,,,
24,전남본부,구례구전기사업소,본소,수·배전설비 점검,"작업특성요인(근로자 실수, 저압 또는 고압 급전상태)",검전기 사용 급전상태 확인,,,
25,전남본부,구례구전기사업소,본소,수·배전설비 점검,"작업특성요인(근로자 실수, 저압 또는 고압 급전상태)",급전 계통도 숙지 및 작업책임자 사전 안전교육 시행,,,
26,전남본부,구례구전기사업소,본소,수·배전설비 점검,"작업특성요인(근로자 실수, 저압 또는 고압 급전상태)",고체절연배전반 개량,,,
27,전남본부,구례구전기사업소,본소,수·배전설비 점검,"작업특성요인(근로자 실수, 저압 또는 고압 급전상태)",통전표시기 설치,,,
28,전남본부,구례구전기사업소,본소,수·배전설비 점검,"작업특성요인(근로자 실수, 저압 또는 고압 급전상태)",감전주의 표지 부착 및 검전기 사용 교육,,,
29,전남본부,구례구전기사업소,본소,수·배전설비 점검,"작업환경 요인(조명, 주변근로자)",안전보호구 착용,,,
30,전남본부,구례구전기사업소,본소,수·배전설비 점검,"작업환경 요인(조명, 주변근로자)",해드렌턴 착용,,,
31,전남본부,구례구전기사업소,본소,수·배전설비 점검,"작업환경 요인(조명, 주변근로자)",안전휀스 및 작업 중 푯말 사용,,,
32,전남본부,구례구전기사업소,본소,변압기 점검,"기계적 요인(넘어짐, 추락, 충돌)",안전보호구 착용,,,
33,전남본부,구례구전기사업소,본소,변압기 점검,"기계적 요인(넘어짐, 추락, 충돌)",그네식 안전대 및 웨어러블 착용,,,
34,전남본부,구례구전기사업소,본소,변압기 점검,"기계적 요인(넘어짐, 추락, 충돌)",열차감시원 배치 및 열차접근앱 사용,,,
35,전남본부,구례구전기사업소,본소,변압기 점검,전기적 요인(감전),안전보호구 착용,,,
36,전남본부,구례구전기사업소,본소,변압기 점검,전기적 요인(감전),작업개소 전단 접지걸이 설치,,,
37,전남본부,구례구전기사업소,본소,변압기 점검,전기적 요인(감전),"통전표시기, 검전기 사용 급전상태 확인",,,
38,전남본부,구례구전기사업소,본소,변압기 점검,전기적 요인(감전),감전주의 표지 부착 및 검전기 사용 교육,,,
39,전남본부,구례구전기사업소,본소,변압기 점검,전기적 요인(감전),동시수용개소는 열화상 측정으로 대체,,,
40,전남본부,구례구전기사업소,본소,변압기 점검,전기적 요인(감전),"배전선로 L1, L2 혼용개소 전체단전후 작업 시행",,,
41,전남본부,구례구전기사업소,본소,변압기 점검,전기적 요인(감전),"배전선로 L1, L2 홍용개소 절연격벽 설치",,,
42,전남본부,구례구전기사업소,본소,변압기 점검,전기적 요인(감전),절연저항 측정 후 방전작업 시행,,,
43,전남본부,구례구전기사업소,본소,변압기 점검,전기적 요인(감전),단전작업계획서 작성,,,
44,전남본부,구례구전기사업소,본소,변압기 점검,전기적 요인(감전),단전시행 후 작업,,,
45,전남본부,구례구전기사업소,본소,변압기 점검,전기적 요인(감전),작업전 안전교육 실시,,,
46,전남본부,구례구전기사업소,본소,변압기 점검,전기적 요인(감전),접지걸이 설치,,,
47,전남본부,구례구전기사업소,본소,변압기 점검,전기적 요인(감전),검전기 사용,,,
48,전남본부,구례구전기사업소,본소,변압기 점검,"작업특성요인(근로자 실수, 저압 또는 고압 급전상태, 작업 및 조작 도구)",안전보호구 착용,,,
49,전남본부,구례구전기사업소,본소,변압기 점검,"작업특성요인(근로자 실수, 저압 또는 고압 급전상태, 작업 및 조작 도구)",검전기 사용 급전상태 확인,,,
50,전남본부,구례구전기사업소,본소,변압기 점검,"작업특성요인(근로자 실수, 저압 또는 고압 급전상태, 작업 및 조작 도구)",급전 계통도 숙지 및 작업책임자 사전 ,,,
51,전남본부,구례구전기사업소,본소,변압기 점검,"작업특성요인(근로자 실수, 저압 또는 고압 급전상태, 작업 및 조작 도구)",안전교육 시행,,,
52,전남본부,구례구전기사업소,본소,변압기 점검,"작업특성요인(근로자 실수, 저압 또는 고압 급전상태, 작업 및 조작 도구)",통전표시기 확인 및 미설치개소 설치,,,
53,전남본부,구례구전기사업소,본소,변압기 점검,"작업특성요인(근로자 실수, 저압 또는 고압 급전상태, 작업 및 조작 도구)",감전주의 표지 부착 및 검전기 사용 교육,,,
54,전남본부,구례구전기사업소,본소,변압기 점검,"작업환경 요인(조명, 주변 근로자)",안전보호구 착용,,,
55,전남본부,구례구전기사업소,본소,변압기 점검,"작업환경 요인(조명, 주변 근로자)",해드렌턴 착용,,,
56,전남본부,구례구전기사업소,본소,변압기 점검,"작업환경 요인(조명, 주변 근로자)",안전휀스 및 작업 중 푯말 사용,,,
57,전남본부,구례구전기사업소,본소,변압기 점검,"협소공간 작업으로 인한 찰과상, 부딪힘 등 부상위험",작업안전거리 확보,,,
58,전남본부,구례구전기사업소,본소,변압기 점검,"협소공간 작업으로 인한 찰과상, 부딪힘 등 부상위험",작업전 체조 등을 통한 안전관리,,,
59,전남본부,구례구전기사업소,본소,변압기 점검,"협소공간 작업으로 인한 찰과상, 부딪힘 등 부상위험",안전보호구 착용철저,,,
60,전남본부,구례구전기사업소,본소,변압기 점검,어두운 환경에 의한 사고위험,헤드랜턴 등 적정 조도 확보 후 작업,,,
61,전남본부,구례구전기사업소,본소,역사 내 조명설비 보수작업,"기계적 요인(넘어짐, 추락)",안전보호구 착용,,,
62,전남본부,구례구전기사업소,본소,역사 내 조명설비 보수작업,"기계적 요인(넘어짐, 추락)",사다리 설치각도(75도) 준수,,,
63,전남본부,구례구전기사업소,본소,역사 내 조명설비 보수작업,"기계적 요인(넘어짐, 추락)",고소작업 전용 사다리 사용,,,
64,전남본부,구례구전기사업소,본소,역사 내 조명설비 보수작업,"기계적 요인(넘어짐, 추락)",사다리 상부 미끄럼 방지대 및 미끄럼 방지 테이프 설치,,,
65,전남본부,구례구전기사업소,본소,역사 내 조명설비 보수작업,"기계적 요인(넘어짐, 추락)",2인 1조 이상 작업 시행,,,
66,전남본부,구례구전기사업소,본소,역사 내 조명설비 보수작업,"기계적 요인(넘어짐, 추락)",고소작업대 아웃트리거 장착,,,
67,전남본부,구례구전기사업소,본소,역사 내 조명설비 보수작업,"기계적 요인(넘어짐, 추락)",보조작업자 사다리 고정 및 보조,,,
68,전남본부,구례구전기사업소,본소,역사 내 조명설비 보수작업,"기계적 요인(넘어짐, 추락)",추락방지대 착용(전철전력분야 고소작업시 선제적 직무사고 예방 대책 전철전력처-1256호 시행),,,
69,전남본부,구례구전기사업소,본소,역사 내 조명설비 보수작업,공구 낙하로 인한 하부작업자 부상위험,작업자 주변 접근금지 띠 설치 후 작업실시,,,
70,전남본부,구례구전기사업소,본소,역사 내 조명설비 보수작업,전기적 요인(감전),안전보호구 착용,,,
71,전남본부,구례구전기사업소,본소,역사 내 조명설비 보수작업,전기적 요인(감전),차단기 개방 후 작업 시행,,,
72,전남본부,구례구전기사업소,본소,역사 내 조명설비 보수작업,전기적 요인(감전),계측기 이용 ,,,
73,전남본부,구례구전기사업소,본소,역사 내 조명설비 보수작업,전기적 요인(감전),차단상태 확인 후 작업,,,
74,전남본부,구례구전기사업소,본소,역사 내 조명설비 보수작업,"작업특성 요인(저압 또는 고압 급전상태, 작업 도구)",안전보호구 착용,,,
75,전남본부,구례구전기사업소,본소,역사 내 조명설비 보수작업,"작업특성 요인(저압 또는 고압 급전상태, 작업 도구)",차단기 개방 후 작업 시행,,,
76,전남본부,구례구전기사업소,본소,역사 내 조명설비 보수작업,"작업특성 요인(저압 또는 고압 급전상태, 작업 도구)",계측기 이용,,,
77,전남본부,구례구전기사업소,본소,역사 내 조명설비 보수작업,"작업특성 요인(저압 또는 고압 급전상태, 작업 도구)",차단상태 확인 후 작업,,,
78,전남본부,구례구전기사업소,본소,역사 내 조명설비 보수작업,"작업특성 요인(저압 또는 고압 급전상태, 작업 도구)",필요 최소 공구만 사용,,,
79,전남본부,구례구전기사업소,본소,전철보수장비를 이용한 전차선로 점검,"작업특성 요인(저압 또는 고압 급전상태, 작업 도구)",안전보호구 착용철저,,,
80,전남본부,구례구전기사업소,본소,전철보수장비를 이용한 전차선로 점검,차단구간 내 타분야 작업 중복으로 접촉사고 위험,총괄 작업책임자 선임으로 작업 간 시간 조율 및 시˙종 시간 협의,,,
81,전남본부,구례구전기사업소,본소,전철보수장비를 이용한 전차선로 점검,작업선 작업시 인접선 열차 접촉사고 위험,관제 및 로컬관제와의 협의 철저,,,
82,전남본부,구례구전기사업소,본소,전철보수장비를 이용한 전차선로 점검,"기계적 요인(협착, 충돌, 넘어짐, 추락)",안전보호구 착용,,,
83,전남본부,구례구전기사업소,본소,전철보수장비를 이용한 전차선로 점검,"기계적 요인(협착, 충돌, 넘어짐, 추락)",모터카 이동시 반드시 상부작업대 정위치 후 이동,,,
84,전남본부,구례구전기사업소,본소,전철보수장비를 이용한 전차선로 점검,"기계적 요인(협착, 충돌, 넘어짐, 추락)",전철보수장비 이동 알람벨 설치,,,
85,전남본부,구례구전기사업소,본소,전철보수장비를 이용한 전차선로 점검,"기계적 요인(협착, 충돌, 넘어짐, 추락)",개별 승하강식 전철보수장비 이용,,,
86,전남본부,구례구전기사업소,본소,전철보수장비를 이용한 전차선로 점검,"기계적 요인(협착, 충돌, 넘어짐, 추락)",지적확인 환호응답 철저,,,
87,전남본부,구례구전기사업소,본소,전철보수장비를 이용한 전차선로 점검,"기계적 요인(협착, 충돌, 넘어짐, 추락)",모든 종사자 모터카 이동 시 전도 주시,,,
88,전남본부,구례구전기사업소,본소,전철보수장비를 이용한 전차선로 점검,"기계적 요인(협착, 충돌, 넘어짐, 추락)",그네식 안전대 및 웨어러블 등 추락방지대 착용,,,
89,전남본부,구례구전기사업소,본소,전철보수장비를 이용한 전차선로 점검,"기계적 요인(협착, 충돌, 넘어짐, 추락)",안전보조 난간대 설치,,,
90,전남본부,구례구전기사업소,본소,전철보수장비를 이용한 전차선로 점검,"기계적 요인(협착, 충돌, 넘어짐, 추락)",안전대 착용 및 안전고리 체결,,,
91,전남본부,구례구전기사업소,본소,전철보수장비를 이용한 전차선로 점검,"기계적 요인(협착, 충돌, 넘어짐, 추락)",열차감시원 배치 및 열차접근앱 사용,,,
92,전남본부,구례구전기사업소,본소,전철보수장비를 이용한 전차선로 점검,"기계적 요인(협착, 충돌, 넘어짐, 추락)",안전보호구 및 웨어러블 착용,,,
93,전남본부,구례구전기사업소,본소,전철보수장비를 이용한 전차선로 점검,"기계적 요인(협착, 충돌, 넘어짐, 추락)",지적확인 환호응답,,,
94,전남본부,구례구전기사업소,본소,전철보수장비를 이용한 전차선로 점검,"기계적 요인(협착, 충돌, 넘어짐, 추락)",추락방지대 및 죔줄 사용,,,
95,전남본부,구례구전기사업소,본소,전철보수장비를 이용한 전차선로 점검,"기계적 요인(협착, 충돌, 넘어짐, 추락)",작업 전 안전교육 실시,,,
96,전남본부,구례구전기사업소,본소,전철보수장비를 이용한 전차선로 점검,모터카 이동시 전차선로 시설물에 부딪힘,안전보호구 착용,,,
97,전남본부,구례구전기사업소,본소,전철보수장비를 이용한 전차선로 점검,모터카 이동시 전차선로 시설물에 부딪힘,모터카 이동시 앉아서 이동 및 전방주시 철저,,,
98,전남본부,구례구전기사업소,본소,전철보수장비를 이용한 전차선로 점검,전기적 요인(감전),안전보호구 착용,,,
99,전남본부,구례구전기사업소,본소,전철보수장비를 이용한 전차선로 점검,전기적 요인(감전),접촉식 검전기 사용 단전상태 확인,,,
100,전남본부,구례구전기사업소,본소,전철보수장비를 이용한 전차선로 점검,전기적 요인(감전),작업구간 양단 접지걸이 설치,,,
101,전남본부,구례구전기사업소,본소,전철보수장비를 이용한 전차선로 점검,작업특성 요인(저압 또는 고압 급전상태),안전보호구 착용,,,
102,전남본부,구례구전기사업소,본소,전철보수장비를 이용한 전차선로 점검,작업특성 요인(저압 또는 고압 급전상태),접촉식 검전기 사용 단전상태 확인,,,
103,전남본부,구례구전기사업소,본소,전철보수장비를 이용한 전차선로 점검,작업특성 요인(저압 또는 고압 급전상태),작업구간 양단 접지걸이 설치,,,
104,전남본부,구례구전기사업소,본소,전철보수장비를 이용한 전차선로 점검,작업환경 요인(조명),안전보호구 착용,,,
105,전남본부,구례구전기사업소,본소,전철보수장비를 이용한 전차선로 점검,작업환경 요인(조명),헤드렌턴 착용,,,
106,전남본부,구례구전기사업소,본소,전철보수장비를 이용한 전차선로 점검,작업환경 요인(조명),작업상판 조명 설치,,,
107,전남본부,구례구전기사업소,본소,전철보수장비를 이용한 전차선로 점검,작업환경 요인(조명),작업상판 승하차 계단 조명 설치,,,
108,전남본부,구례구전기사업소,본소,전철보수장비를 이용한 전차선로 점검,모터카 운행 불가시(엔진 멈춤 등),안전보호구 착용(끼임방지),,,
109,전남본부,구례구전기사업소,본소,전철보수장비를 이용한 전차선로 점검,모터카 운행 불가시(엔진 멈춤 등),구 원기 연결 작업 시 2인1조 작업,,,
110,전남본부,구례구전기사업소,본소,전철보수장비를 이용한 전차선로 점검,모터카 운행 불가시(엔진 멈춤 등),지적확인 환호응답 철저,,,
111,전남본부,구례구전기사업소,본소,전철보수장비를 이용한 전차선로 점검,차단구간 내 타분야 작업 중복으로 접촉사고 위험,안전보호구 착용철저,,,
112,전남본부,구례구전기사업소,본소,전철보수장비를 이용한 전차선로 점검,차단구간 내 타분야 작업 중복으로 접촉사고 위험,총괄 작업책임자 선임으로 작업 간 시간 조율 및 시˙종 시간 협의,,,
113,전남본부,구례구전기사업소,본소,전철보수장비를 이용한 전차선로 점검,작업선 작업시 인접선 열차 접촉사고 위험,관제 및 로컬관제와의 협의 철저,,,
114,전남본부,구례구전기사업소,본소,전차선로 이물질 제거작업,"기계적 요인(협착, 충돌, 넘어짐, 추락)",비탈면 작업 지양,,,
115,전남본부,구례구전기사업소,본소,전차선로 이물질 제거작업,"기계적 요인(협착, 충돌, 넘어짐, 추락)",안전로프 이용 원목 고정 후 작업,,,
116,전남본부,구례구전기사업소,본소,전차선로 이물질 제거작업,"기계적 요인(협착, 충돌, 넘어짐, 추락)",대피공간 확보 후 작업,,,
117,전남본부,구례구전기사업소,본소,전차선로 이물질 제거작업,"기계적 요인(협착, 충돌, 넘어짐, 추락)",작업자와 보조자 이격거리 유지,,,
118,전남본부,구례구전기사업소,본소,전차선로 이물질 제거작업,"기계적 요인(협착, 충돌, 넘어짐, 추락)",열차감시원 배치 및 열차접근 경보 앱 사용,,,
119,전남본부,구례구전기사업소,본소,전차선로 이물질 제거작업,"기계적 요인(협착, 충돌, 넘어짐, 추락)",차단시간 내 작업(인근역 협의 철저),,,
120,전남본부,구례구전기사업소,본소,전차선로 이물질 제거작업,"기계적 요인(협착, 충돌, 넘어짐, 추락)",추락방지대 착용,,,
121,전남본부,구례구전기사업소,본소,전차선로 이물질 제거작업,"기계적 요인(협착, 충돌, 넘어짐, 추락)",미끄럼 방지패드 설치,,,
122,전남본부,구례구전기사업소,본소,전차선로 이물질 제거작업,"기계적 요인(협착, 충돌, 넘어짐, 추락)",노후 미끄럼 방지 테이프 교체,,,
123,전남본부,구례구전기사업소,본소,전차선로 이물질 제거작업,"기계적 요인(협착, 충돌, 넘어짐, 추락)",작업자 안전난간 설치,,,
124,전남본부,구례구전기사업소,본소,전차선로 이물질 제거작업,"기계적 요인(협착, 충돌, 넘어짐, 추락)","차상점검 시, 고지 가위(4M)를 활용하여 이물질 제거",,,
125,전남본부,구례구전기사업소,본소,전차선로 이물질 제거작업,이물질 낙하로 인한 작업자 안면부상위험,안전모 전면 보안경 사용,,,
126,전남본부,구례구전기사업소,본소,전차선로 이물질 제거작업,이물질 낙하로 인한 작업자 안면부상위험,안전보호구 착용 철저,,,
127,전남본부,구례구전기사업소,본소,전차선로 이물질 제거작업,이물질 낙하로 인한 작업자 안면부상위험,바람을 등지고 작업,,,
128,전남본부,구례구전기사업소,본소,전차선로 이물질 제거작업,이물질 낙하로 인한 작업자 안면부상위험,급전장애 우려개소가 아닌 경우 야간 전철보수장비를 활용하여 작업시행,,,
129,전남본부,구례구전기사업소,본소,전차선로 이물질 제거작업,이물질 제거 시 열차접촉위험,열차감시원 배치,,,
130,전남본부,구례구전기사업소,본소,전차선로 이물질 제거작업,이물질 제거 시 열차접촉위험,열차감시 업무외 업무 금지(열차감시원),,,
131,전남본부,구례구전기사업소,본소,전차선로 이물질 제거작업,이물질 제거 시 열차접촉위험,급전장애 우려개소가 아닌 경우 야간 전철보수장비를 활용하여 작업시행,,,
132,전남본부,구례구전기사업소,본소,전차선로 이물질 제거작업,상부작업시 추락위험,작업책임자 지시 확인,,,
133,전남본부,구례구전기사업소,본소,전차선로 이물질 제거작업,상부작업시 추락위험,안전보호구 착용 철저,,,
134,전남본부,구례구전기사업소,본소,전차선로 이물질 제거작업,화학(물질)적 요인(고체(분진)),안전모 부착형 보안경 착용(안면부),,,
135,전남본부,구례구전기사업소,본소,전차선로 이물질 제거작업,화학(물질)적 요인(고체(분진)),바람을 등지고 작업,,,
136,전남본부,구례구전기사업소,본소,전차선로 이물질 제거작업,화학(물질)적 요인(고체(분진)),작업전 안전교육 철저,,,
137,전남본부,구례구전기사업소,본소,전차선로 이물질 제거작업,작업특성 요인(작업 도구),안전보호구 착용,,,
138,전남본부,구례구전기사업소,본소,전차선로 이물질 제거작업,작업특성 요인(작업 도구),위험 공구 사용 사전교육,,,
139,전남본부,구례구전기사업소,본소,전차선로 이물질 제거작업,작업특성 요인(작업 도구),엔진톱 사용 지양,,,
140,전남본부,구례구전기사업소,본소,전차선로 사다리차 작업,상부 작업시 추락위험,모터카 작업 시행으로 인한 사다리차 작업 지양,,,
141,전남본부,구례구전기사업소,본소,전차선로 사다리차 작업,상부 작업시 추락위험,안전걸이 체결,,,
142,전남본부,구례구전기사업소,본소,전차선로 사다리차 작업,상부 작업시 추락위험,웨어러블 조끼 착용,,,
143,전남본부,구례구전기사업소,본소,전차선로 사다리차 작업,"기계적 요인(기계 또는 설비의 낙하 비래, 전복, 붕괴, 전도, 넘어짐, 추락)",작업 전 사다리차 상태 확인,,,
144,전남본부,구례구전기사업소,본소,전차선로 사다리차 작업,"기계적 요인(기계 또는 설비의 낙하 비래, 전복, 붕괴, 전도, 넘어짐, 추락)",안전점검의 날 사다리차 상태 점검,,,
145,전남본부,구례구전기사업소,본소,전차선로 사다리차 작업,"기계적 요인(기계 또는 설비의 낙하 비래, 전복, 붕괴, 전도, 넘어짐, 추락)",사다리차 상단 부식방지용 코팅제 도포,,,
146,전남본부,구례구전기사업소,본소,전차선로 사다리차 작업,"기계적 요인(기계 또는 설비의 낙하 비래, 전복, 붕괴, 전도, 넘어짐, 추락)",사다리차 작업 지양 및 전철보수장비 적극 이용,,,
147,전남본부,구례구전기사업소,본소,전차선로 사다리차 작업,"기계적 요인(기계 또는 설비의 낙하 비래, 전복, 붕괴, 전도, 넘어짐, 추락)",안전보호구 착용,,,
148,전남본부,구례구전기사업소,본소,전차선로 사다리차 작업,"기계적 요인(기계 또는 설비의 낙하 비래, 전복, 붕괴, 전도, 넘어짐, 추락)",그네식 안전대 및 웨어러블 등 추락방지대 착용,,,
149,전남본부,구례구전기사업소,본소,전차선로 사다리차 작업,"기계적 요인(기계 또는 설비의 낙하 비래, 전복, 붕괴, 전도, 넘어짐, 추락)",작업 전 반드시 사다리차 구름방지,,,
150,전남본부,구례구전기사업소,본소,전차선로 사다리차 작업,"기계적 요인(기계 또는 설비의 낙하 비래, 전복, 붕괴, 전도, 넘어짐, 추락)",3인 1조 작업 시행,,,
151,전남본부,구례구전기사업소,본소,전차선로 사다리차 작업,"기계적 요인(기계 또는 설비의 낙하 비래, 전복, 붕괴, 전도, 넘어짐, 추락)",사다리차 상단 미끄럼 방지 테이프 부착,,,
152,전남본부,구례구전기사업소,본소,전차선로 사다리차 작업,전기적 요인(감전),안전보호구 착용,,,
153,전남본부,구례구전기사업소,본소,전차선로 사다리차 작업,전기적 요인(감전),접촉식 검전기 사용 단전상태 확인,,,
154,전남본부,구례구전기사업소,본소,전차선로 사다리차 작업,전기적 요인(감전),작업구간 양단 접지걸이 설치,,,
155,전남본부,구례구전기사업소,본소,전차선로 사다리차 작업,"작업특성 요인(저압 또는 고압 급전상태, 작업 도구)",안전보호구 착용,,,
156,전남본부,구례구전기사업소,본소,전차선로 사다리차 작업,"작업특성 요인(저압 또는 고압 급전상태, 작업 도구)",접촉식 검전기 사용 단전상태 확인,,,
157,전남본부,구례구전기사업소,본소,전차선로 사다리차 작업,"작업특성 요인(저압 또는 고압 급전상태, 작업 도구)",작업구간 양단 접지걸이 설치,,,
158,전남본부,구례구전기사업소,본소,전차선로 사다리차 작업,"작업특성 요인(저압 또는 고압 급전상태, 작업 도구)",필요 최소 공구만 사용,,,
159,전남본부,구례구전기사업소,본소,전차선로 사다리차 작업,"작업특성 요인(저압 또는 고압 급전상태, 작업 도구)",작업공구 걸이 구매 지급,,,
160,전남본부,구례구전기사업소,본소,전차선로 사다리차 작업,급전 오취급에 따른 감전위험,관제와의 급단전 협의 철저,,,
161,전남본부,구례구전기사업소,본소,전차선로 사다리차 작업,급전 오취급에 따른 감전위험,상하선 단전 및 접지걸이 체결 철저,,,
162,전남본부,구례구전기사업소,본소,전차선로 사다리차 작업,전도위험,작업자간 의사소통 철저,,,
163,전남본부,구례구전기사업소,본소,전차선로 사다리차 작업,전도위험,모터카 작업 시행으로 인한 사다리차 작업 지양,,,
164,전남본부,구례구전기사업소,본소,전차선로 사다리차 작업,전도위험,지적확인 환호응답 철저,,,
165,전남본부,구례구전기사업소,본소,전차선로 도보순회(육안점검),"기계적 요인(충돌, 넘어짐)",연차 운행선로 반대방향 순회점검,,,
166,전남본부,구례구전기사업소,본소,전차선로 도보순회(육안점검),"기계적 요인(충돌, 넘어짐)",열차접근앱 사용 및 전방주시 철저,,,
167,전남본부,구례구전기사업소,본소,전차선로 도보순회(육안점검),"기계적 요인(충돌, 넘어짐)",횡단시 지적확인 환호응답 철저,,,
168,전남본부,구례구전기사업소,본소,전차선로 도보순회(육안점검),"기계적 요인(충돌, 넘어짐)",열차감시원 배치,,,
169,전남본부,구례구전기사업소,본소,전차선로 도보순회(육안점검),"기계적 요인(충돌, 넘어짐)",열차시간표 숙지 및 지참,,,
170,전남본부,구례구전기사업소,본소,전차선로 도보순회(육안점검),"기계적 요인(충돌, 넘어짐)",안전보호구 착용,,,
171,전남본부,구례구전기사업소,본소,전차선로 도보순회(육안점검),"기계적 요인(충돌, 넘어짐)",작업 전 스트레칭,,,
172,전남본부,구례구전기사업소,본소,전차선로 도보순회(육안점검),"기계적 요인(충돌, 넘어짐)",지적확인 환호응답 철저,,,
173,전남본부,구례구전기사업소,본소,전차선로 도보순회(육안점검),물질적 요인(고체),안전보호구 착용,,,
174,전남본부,구례구전기사업소,본소,전차선로 도보순회(육안점검),물질적 요인(고체),안전 이격거리 철저 준수,,,
175,전남본부,구례구전기사업소,본소,전차선로 도보순회(육안점검),작업특성 요인(근로자 실수),교통법 준수,,,
176,전남본부,구례구전기사업소,본소,전차선로 도보순회(육안점검),"환경적 요인(조명, 공간 및 이동통로, 선로 보행로 트러프)",터널 내 조명등 점등 후 순회점검,,,
177,전남본부,구례구전기사업소,본소,전차선로 도보순회(육안점검),"환경적 요인(조명, 공간 및 이동통로, 선로 보행로 트러프)",헤드랜턴 착용,,,
178,전남본부,구례구전기사업소,본소,전차선로 도보순회(육안점검),"환경적 요인(조명, 공간 및 이동통로, 선로 보행로 트러프)",열차 운행시간 순회 지양,,,
179,전남본부,구례구전기사업소,본소,전차선로 도보순회(육안점검),"환경적 요인(조명, 공간 및 이동통로, 선로 보행로 트러프)",터널 내 점검은 모터카 순회점검으로 대체,,,
180,전남본부,구례구전기사업소,본소,전차선로 도보순회(육안점검),"환경적 요인(조명, 공간 및 이동통로, 선로 보행로 트러프)",순회시 대피소 사전 확인,,,
181,전남본부,구례구전기사업소,본소,전차선로 도보순회(육안점검),발 헛디딤으로 인한 전도위험,도보시 가급적 선로변 트러프나 평지 이용,,,
182,전남본부,구례구전기사업소,본소,전차선로 도보순회(육안점검),발 헛디딤으로 인한 전도위험,전방주시 철저,,,
183,전남본부,구례구전기사업소,본소,전차선로 도보순회(육안점검),발 헛디딤으로 인한 전도위험,발목보호대 등 사용으로 인한 부상 발생 최소화,,,
184,전남본부,구례구전기사업소,본소,전차선로 도보순회(육안점검),열차접촉위험,열차 진행방향 반대반향 작업실시,,,
185,전남본부,구례구전기사업소,본소,전차선로 도보순회(육안점검),열차접촉위험,열차시간표 숙지,,,
186,전남본부,구례구전기사업소,본소,전차선로 도보순회(육안점검),열차접촉위험,열차경보앱 활성화,,,
187,전남본부,구례구전기사업소,본소,전차선로 도보순회(육안점검),열차접촉위험,무선교신 철저,,,
188,전남본부,구례구전기사업소,본소,전차선로 도보순회(육안점검),열차접촉위험,열차감시원 배치,,,
189,전남본부,구례구전기사업소,본소,전차선로 도보순회(육안점검),열차감시 소홀,열차감시원 지정후 열차감시 철저,,,
190,전남본부,구례구전기사업소,본소,전철 접지저항 측정 점검,"기계적 요인(충돌, 넘어짐, 긁힘, 부딪힘)",열차 운행선로 반대방향 순회점검,,,
191,전남본부,구례구전기사업소,본소,전철 접지저항 측정 점검,"기계적 요인(충돌, 넘어짐, 긁힘, 부딪힘)",열차 접근앱 사용,,,
192,전남본부,구례구전기사업소,본소,전철 접지저항 측정 점검,"기계적 요인(충돌, 넘어짐, 긁힘, 부딪힘)",열차감시원 배치,,,
193,전남본부,구례구전기사업소,본소,전철 접지저항 측정 점검,"기계적 요인(충돌, 넘어짐, 긁힘, 부딪힘)",횡단시 지적확인 환호응답 철저,,,
194,전남본부,구례구전기사업소,본소,전철 접지저항 측정 점검,"기계적 요인(충돌, 넘어짐, 긁힘, 부딪힘)",열차시간표 숙지 및 지참,,,
195,전남본부,구례구전기사업소,본소,전철 접지저항 측정 점검,"기계적 요인(충돌, 넘어짐, 긁힘, 부딪힘)",안전보호구 착용,,,
196,전남본부,구례구전기사업소,본소,전철 접지저항 측정 점검,"기계적 요인(충돌, 넘어짐, 긁힘, 부딪힘)",지적확인 환호응답 철저,,,
197,전남본부,구례구전기사업소,본소,전철 접지저항 측정 점검,"기계적 요인(충돌, 넘어짐, 긁힘, 부딪힘)",집지단자함 고무패킹 설치,,,
198,전남본부,구례구전기사업소,본소,전철 접지저항 측정 점검,전기적 요인(감전),안전보호구 착용,,,
199,전남본부,구례구전기사업소,본소,전철 접지저항 측정 점검,전기적 요인(감전),후크식 측정기로 접지 측정,,,
200,전남본부,구례구전기사업소,본소,전철 접지저항 측정 점검,전기적 요인(감전),충전전류 방전 철저,,,
201,전남본부,구례구전기사업소,본소,전철 접지저항 측정 점검,물질적 요인(고체),안전보호구 착용,,,
202,전남본부,구례구전기사업소,본소,전철 접지저항 측정 점검,물질적 요인(고체),안전 이격거리 철저 준수,,,
203,전남본부,구례구전기사업소,본소,전철 접지저항 측정 점검,"환경적 요인(조명, 공간 및 이동통로)",터널 내 조명등 점등 후 측정 시행,,,
204,전남본부,구례구전기사업소,본소,전철 접지저항 측정 점검,"환경적 요인(조명, 공간 및 이동통로)",헤드랜턴 착용,,,
205,전남본부,구례구전기사업소,본소,전철 접지저항 측정 점검,"환경적 요인(조명, 공간 및 이동통로)",열차 운행시간 순회 지양,,,
206,전남본부,구례구전기사업소,본소,전철 접지저항 측정 점검,"환경적 요인(조명, 공간 및 이동통로)",순회시 대피소 사전 확인,,,
207,전남본부,구례구전기사업소,본소,전철 접지저항 측정 점검,전도 혹은 부딪힘에 의한 부상위험,안전보호구 착용,,,
208,전남본부,구례구전기사업소,본소,전철 접지저항 측정 점검,열차접촉위험,안전보호구 착용,,,
209,전남본부,구례구전기사업소,본소,전철 접지저항 측정 점검,열차접촉위험,역과의 작업협의 철저,,,
210,전남본부,구례구전기사업소,본소,전철 접지저항 측정 점검,열차접촉위험,열차시간표 숙지 철저,,,
211,전남본부,구례구전기사업소,본소,전철 접지저항 측정 점검,열차접촉위험,열차감시원 배치 철저,,,
212,전남본부,구례구전기사업소,본소,전철 접지저항 측정 점검,단자함 날카로운 부위에 베임 우려,안전보호구 착용,,,
213,전남본부,구례구전기사업소,본소,전철 접지저항 측정 점검,충전부 감전위험,안전보호구 착용 철저,,,
214,전남본부,구례구전기사업소,본소,접속함 열화상 측정 점검,"기계적 요인(충돌, 넘어짐, 추락)",열차 운행선로 반대방향 순회점검,,,
215,전남본부,구례구전기사업소,본소,접속함 열화상 측정 점검,"기계적 요인(충돌, 넘어짐, 추락)",열차접근앱 사용,,,
216,전남본부,구례구전기사업소,본소,접속함 열화상 측정 점검,"기계적 요인(충돌, 넘어짐, 추락)",열차감시원 배치,,,
217,전남본부,구례구전기사업소,본소,접속함 열화상 측정 점검,"기계적 요인(충돌, 넘어짐, 추락)",횡단시 지적확인 환호응답 철저,,,
218,전남본부,구례구전기사업소,본소,접속함 열화상 측정 점검,"기계적 요인(충돌, 넘어짐, 추락)",전방주시 철저,,,
219,전남본부,구례구전기사업소,본소,접속함 열화상 측정 점검,"기계적 요인(충돌, 넘어짐, 추락)",열차시간표 숙지 및 지참,,,
220,전남본부,구례구전기사업소,본소,접속함 열화상 측정 점검,"기계적 요인(충돌, 넘어짐, 추락)",안전보호구 착용,,,
221,전남본부,구례구전기사업소,본소,접속함 열화상 측정 점검,"기계적 요인(충돌, 넘어짐, 추락)",작업 전 안전보호구 재확인,,,
222,전남본부,구례구전기사업소,본소,접속함 열화상 측정 점검,"기계적 요인(충돌, 넘어짐, 추락)",도보순회시 측정 지양 및 야간 차상작업시 측정,,,
223,전남본부,구례구전기사업소,본소,접속함 열화상 측정 점검,"기계적 요인(충돌, 넘어짐, 추락)",이동시 열화상 결과물 확인 금지,,,
224,전남본부,구례구전기사업소,본소,접속함 열화상 측정 점검,"기계적 요인(충돌, 넘어짐, 추락)",추락방지대 착용,,,
225,전남본부,구례구전기사업소,본소,접속함 열화상 측정 점검,"기계적 요인(충돌, 넘어짐, 추락)",안전고리 체결,,,
226,전남본부,구례구전기사업소,본소,접속함 열화상 측정 점검,"기계적 요인(충돌, 넘어짐, 추락)",웨어러블 안전조끼 착용,,,
227,전남본부,구례구전기사업소,본소,접속함 열화상 측정 점검,물질적 요인(고체),안전보호구 착용,,,
228,전남본부,구례구전기사업소,본소,접속함 열화상 측정 점검,물질적 요인(고체),안전 이격거리 철저 준수,,,
229,전남본부,구례구전기사업소,본소,접속함 열화상 측정 점검,"환경적 요인(조명, 공간 및 이동통로)",터널 내 조명등 점등 후 측정 시행,,,
230,전남본부,구례구전기사업소,본소,접속함 열화상 측정 점검,"환경적 요인(조명, 공간 및 이동통로)",헤드랜턴 착용,,,
231,전남본부,구례구전기사업소,본소,접속함 열화상 측정 점검,"환경적 요인(조명, 공간 및 이동통로)",열차 운행시간 순회 지양,,,
232,전남본부,구례구전기사업소,본소,접속함 열화상 측정 점검,"환경적 요인(조명, 공간 및 이동통로)",순회시 대피소 사전 확인,,,
233,전남본부,구례구전기사업소,본소,접속함 열화상 측정 점검,열화상 촬영 시 열차접속위험,열차감시원배치,,,
234,전남본부,구례구전기사업소,본소,접속함 열화상 측정 점검,열화상 촬영 시 열차접속위험,작업협의 철저 및 무선교신 철저,,,
235,전남본부,구례구전기사업소,본소,접속함 열화상 측정 점검,열화상 촬영 시 열차접속위험,지적확인 환호응답 철저,,,
236,전남본부,구례구전기사업소,본소,접속함 열화상 측정 점검,열화상 촬영 시 열차접속위험,열차접근앱 활성화,,,
237,전남본부,구례구전기사업소,본소,접속함 열화상 측정 점검,"이물질, 레일 등에 의한 전도위험",헤드랜턴 이용 등 야간조도확보 철저,,,
238,전남본부,구례구전기사업소,본소,접속함 열화상 측정 점검,"이물질, 레일 등에 의한 전도위험",작업자간 의사소통 철저,,,
239,전남본부,구례구전기사업소,본소,접속함 열화상 측정 점검,열화상 측정 중 시설물과 부딪힘 사고위험,헤드랜턴 이용 등 야간조도확보 철저,,,
240,전남본부,구례구전기사업소,본소,접속함 열화상 측정 점검,열화상 측정 중 시설물과 부딪힘 사고위험,작업자간 의사소통 철저,,,
241,전남본부,구례구전기사업소,본소,접속함 열화상 측정 점검,접속점(충전부) 근접으로 인한 감전사고,충전부와 안전거리 확보,,,
242,전남본부,구례구전기사업소,본소,접속함 열화상 측정 점검,접속점(충전부) 근접으로 인한 감전사고,안전보호구 확인 철저,,,
243,전남본부,구례구전기사업소,본소,무정전 전원장치 시험 및 측정,"기계적 요인(긁힘, 추락)",안전보호구 착용,,,
244,전남본부,구례구전기사업소,본소,무정전 전원장치 시험 및 측정,"기계적 요인(긁힘, 추락)",협소공간 접촉부 플라스틱 댐퍼 부착,,,
245,전남본부,구례구전기사업소,본소,무정전 전원장치 시험 및 측정,전기적 요인(감전),안전보호구 착용,,,
246,전남본부,구례구전기사업소,본소,무정전 전원장치 시험 및 측정,전기적 요인(감전),검전기를 사용하여 급전상태 확인,,,
247,전남본부,구례구전기사업소,본소,무정전 전원장치 시험 및 측정,전기적 요인(감전),감전주의 표지 부착 및 점검기 사용 교육,,,
248,전남본부,구례구전기사업소,본소,무정전 전원장치 시험 및 측정,전기적 요인(감전),"분전반, 배전반 격벽 설치",,,
249,전남본부,구례구전기사업소,본소,무정전 전원장치 시험 및 측정,화확적 요인(화재),전원 차단 후 작업,,,
250,전남본부,구례구전기사업소,본소,무정전 전원장치 시험 및 측정,화확적 요인(화재),송풍기 사용하여 작업,,,
251,전남본부,구례구전기사업소,본소,무정전 전원장치 시험 및 측정,화확적 요인(화재),전원부(접촉식) 청소 금지,,,
252,전남본부,구례구전기사업소,본소,무정전 전원장치 시험 및 측정,"작업특성 요인(근로자 실수, 작업도구)",점검 매뉴얼 숙지,,,
253,전남본부,구례구전기사업소,본소,무정전 전원장치 시험 및 측정,"작업특성 요인(근로자 실수, 작업도구)",공구 및 주변환경 정리정돈 철저,,,
254,전남본부,구례구전기사업소,본소,무정전 전원장치 시험 및 측정,충전부 접촉에 의한 감전사고위험,안전보호구 착용철저,,,
255,전남본부,구례구전기사업소,본소,무정전 전원장치 시험 및 측정,충전부 접촉에 의한 감전사고위험,검전기 사용,,,
256,전남본부,구례구전기사업소,본소,무정전 전원장치 시험 및 측정,충전부 접촉에 의한 감전사고위험,측정매뉴얼 숙지,,,
257,전남본부,구례구전기사업소,본소,무정전 전원장치 시험 및 측정,충전부 접촉에 의한 감전사고위험,공기구 절연처리,,,
258,전남본부,구례구전기사업소,본소,무정전 전원장치 시험 및 측정,충전부 접촉에 의한 감전사고위험,전원 차단 후 작업,,,
259,전남본부,구례구전기사업소,본소,무정전 전원장치 시험 및 측정,비정상적인 계측기 사용으로 인한 사고위험,작업 전 계측기 점검 철저,,,
260,전남본부,구례구전기사업소,본소,무정전 전원장치 시험 및 측정,비정상적인 계측기 사용으로 인한 사고위험,계측기 사용방법 숙지,,,
261,전남본부,구례구전기사업소,본소,무정전 전원장치 시험 및 측정,협소공간 작업시 부상위험,안전보호구 착용 철저,,,
262,전남본부,구례구전기사업소,본소,무정전 전원장치 시험 및 측정,협소공간 작업시 부상위험,작업공간 확보 및 수칙준수,,,
263,전남본부,구례구전기사업소,본소,무정전 전원장치 시험 및 측정,협소공간 작업시 부상위험,전단 방지 장갑 착용,,,
264,전남본부,구례구전기사업소,본소,축전지 시험 및 측정,기계적 요인(긁힘),안전보호구 착용,,,
265,전남본부,구례구전기사업소,본소,축전지 시험 및 측정,기계적 요인(긁힘),협소공간 접촉부 플라스틱 댐퍼 부착,,,
266,전남본부,구례구전기사업소,본소,축전지 시험 및 측정,전기적 요인(감전),안전보호구 착용,,,
267,전남본부,구례구전기사업소,본소,축전지 시험 및 측정,전기적 요인(감전),검전기를 사용하여 급전상태 확인,,,
268,전남본부,구례구전기사업소,본소,축전지 시험 및 측정,전기적 요인(감전),감전주의 표지 부착 및 점검기 사용 교육,,,
269,전남본부,구례구전기사업소,본소,축전지 시험 및 측정,전기적 요인(감전),축전지 메인단자 테이핑 처리,,,
270,전남본부,구례구전기사업소,본소,축전지 시험 및 측정,전기적 요인(감전),점검 매뉴얼 숙지,,,
271,전남본부,구례구전기사업소,본소,축전지 시험 및 측정,"작업특성 요인(근로자 실수, 작업도구)",2인 1조 작업,,,
272,전남본부,구례구전기사업소,본소,축전지 시험 및 측정,"작업특성 요인(근로자 실수, 작업도구)",포크리프트 사용,,,
273,전남본부,구례구전기사업소,본소,축전지 시험 및 측정,"작업특성 요인(근로자 실수, 작업도구)",절연공구 사용,,,
274,전남본부,구례구전기사업소,본소,축전지 시험 및 측정,충전부 공기구 접촉 등에 의한 감전위험,공기구 절연처리,,,
275,전남본부,구례구전기사업소,본소,축전지 시험 및 측정,충전부 공기구 접촉 등에 의한 감전위험,작업방법 숙지 철저,,,
276,전남본부,구례구전기사업소,본소,축전지 시험 및 측정,충전부 공기구 접촉 등에 의한 감전위험,단자보호캡 설치 후 작업,,,
277,전남본부,구례구전기사업소,본소,축전지 시험 및 측정,중량물 취급에 의한 부상위험,작업전 스트레칭 실시,,,
278,전남본부,구례구전기사업소,본소,축전지 시험 및 측정,중량물 취급에 의한 부상위험,중량물 취급규정 준수,,,
279,전남본부,구례구전기사업소,본소,축전지 시험 및 측정,중량물 취급에 의한 부상위험,2인1조 중량물 취급,,,
280,전남본부,구례구전기사업소,본소,축전지 시험 및 측정,중량물 취급에 의한 부상위험,이동시 리어카 이용,,,
281,전남본부,구례구전기사업소,본소,축전지 시험 및 측정,협소공간으로 인한 부상위험,안전보호구 착용 철저,,,
282,전남본부,구례구전기사업소,본소,축전지 시험 및 측정,협소공간으로 인한 부상위험,날카로운 개소 마감처리,,,
283,전남본부,구례구전기사업소,본소,저압분전반 시험 및 측정,"기계적 요인(긁힘, 협착)",안전보호구 착용,,,
284,전남본부,구례구전기사업소,본소,저압분전반 시험 및 측정,"기계적 요인(긁힘, 협착)",협소공간 접촉부 플라스틱 댐퍼 부착,,,
285,전남본부,구례구전기사업소,본소,저압분전반 시험 및 측정,"기계적 요인(긁힘, 협착)",주변 환경 조도확보,,,
286,전남본부,구례구전기사업소,본소,저압분전반 시험 및 측정,전기적 요인(감전),작업개소 전단 접지걸이 설치,,,
287,전남본부,구례구전기사업소,본소,저압분전반 시험 및 측정,전기적 요인(감전),안전보호구 착용,,,
288,전남본부,구례구전기사업소,본소,저압분전반 시험 및 측정,전기적 요인(감전),"통전표시기, 검전기 사용 급전상태 확인",,,
289,전남본부,구례구전기사업소,본소,저압분전반 시험 및 측정,전기적 요인(감전),감전주희 표지 부착 및 검전기 사용 교육,,,
290,전남본부,구례구전기사업소,본소,저압분전반 시험 및 측정,작업특성 요인(저압 또는 고압 급전상태),통전표시기 설치 ,,,
291,전남본부,구례구전기사업소,본소,저압분전반 시험 및 측정,작업특성 요인(저압 또는 고압 급전상태),검전기 사용 급전상태 확인,,,
292,전남본부,구례구전기사업소,본소,저압분전반 시험 및 측정,작업특성 요인(저압 또는 고압 급전상태),감전주의 표지 부착 및 검전기 사용 교육,,,
293,전남본부,구례구전기사업소,본소,저압분전반 시험 및 측정,작업특성 요인(저압 또는 고압 급전상태),주변 환경 조도 확보,,,
294,전남본부,구례구전기사업소,본소,저압분전반 시험 및 측정,작업환경 요인(조명),안전보호구 착용,,,
295,전남본부,구례구전기사업소,본소,저압분전반 시험 및 측정,작업환경 요인(조명),헤드랜턴 착용,,,
296,전남본부,구례구전기사업소,본소,저압분전반 시험 및 측정,충전부 접촉 시 감전위험,안전보호구 착용철저,,,
297,전남본부,구례구전기사업소,본소,저압분전반 시험 및 측정,충전부 접촉 시 감전위험,작업전 전원 차단 철저,,,
298,전남본부,구례구전기사업소,본소,저압분전반 시험 및 측정,충전부 접촉 시 감전위험,공구 절연처리,,,
299,전남본부,구례구전기사업소,본소,저압분전반 시험 및 측정,충전부 접촉 시 감전위험,검전기 사용 철저,,,
300,전남본부,구례구전기사업소,본소,저압분전반 시험 및 측정,분전반 문 손가락 끼임,작업 중 서두름 지양,,,
301,전남본부,구례구전기사업소,본소,저압분전반 시험 및 측정,분전반 문 손가락 끼임,안전보호구 착용 철저,,,
302,전남본부,구례구전기사업소,본소,저압분전반 시험 및 측정,협소공간 작업시 부딪힘 등 부상위험,안전보호구 착용 철저,,,
303,전남본부,구례구전기사업소,본소,영상감시설비 점검,"기계적 요인(추락, 기계의 낙하, 충돌)",안전발판 사다리 설치,,,
304,전남본부,구례구전기사업소,본소,영상감시설비 점검,"기계적 요인(추락, 기계의 낙하, 충돌)",2인 1조 작업 시행,,,
305,전남본부,구례구전기사업소,본소,영상감시설비 점검,"기계적 요인(추락, 기계의 낙하, 충돌)",웨어러블 에어백 안전조끼 사용,,,
306,전남본부,구례구전기사업소,본소,영상감시설비 점검,"기계적 요인(추락, 기계의 낙하, 충돌)",안전보호구 착용,,,
307,전남본부,구례구전기사업소,본소,영상감시설비 점검,"기계적 요인(추락, 기계의 낙하, 충돌)",작업시간 준수,,,
308,전남본부,구례구전기사업소,본소,영상감시설비 점검,작업특성 요인(중량물 취급),올바른 자세로 중량물 취급,,,
309,전남본부,구례구전기사업소,본소,영상감시설비 점검,작업특성 요인(중량물 취급),2인 1조 작업 시행,,,
310,전남본부,구례구전기사업소,본소,영상감시설비 점검,고소작업시 추락위험,웨어러블 조끼 착용,,,
311,전남본부,구례구전기사업소,본소,영상감시설비 점검,고소작업시 추락위험,2인1조 작업,,,
312,전남본부,구례구전기사업소,본소,영상감시설비 점검,고소작업시 추락위험,안전발판 사다리 설치,,,
313,전남본부,구례구전기사업소,본소,영상감시설비 점검,고소작업시 추락위험,상부작업시 안전슬링 착용,,,
314,전남본부,구례구전기사업소,본소,영상감시설비 점검,고압선로 근접 시 감전위험,작업안전거리 확보,,,
315,전남본부,구례구전기사업소,본소,영상감시설비 점검,공구 낙하에 의한 하부작업사 부상위험,심부름바 구비를 통한 낙하방지,,,
316,전남본부,구례구전기사업소,본소,광전송설비,기계적 요인(협착),지적확인 환호응답 철저,,,
317,전남본부,구례구전기사업소,본소,광전송설비,기계적 요인(협착),악세스플로어 개방 시 용착기 사용,,,
318,전남본부,구례구전기사업소,본소,광전송설비,기계적 요인(협착),2인 1조 작업 시행,,,
319,전남본부,구례구전기사업소,본소,광전송설비,"전기적 요인(감전, 정전기)",안전보호구 착용,,,
320,전남본부,구례구전기사업소,본소,광전송설비,"전기적 요인(감전, 정전기)",계통확인 후 작업,,,
321,전남본부,구례구전기사업소,본소,광전송설비,"전기적 요인(감전, 정전기)",정전기 팔목 패드 사용,,,
322,전남본부,구례구전기사업소,본소,광전송설비,"전기적 요인(감전, 정전기)",정전기 방지패드 부착,,,
323,전남본부,구례구전기사업소,본소,광전송설비,작업특성 요인(근로자 실수),신호 및 규정속도 준수,,,
324,전남본부,구례구전기사업소,본소,광전송설비,전도에 의한 부상위험,헤드랜턴 사용,,,
325,전남본부,구례구전기사업소,본소,광전송설비,전도에 의한 부상위험,전방주시 철저,,,
326,전남본부,구례구전기사업소,본소,광전송설비,작업 이동간 차량 사고 발생 위험,교통법규 준수,,,
327,전남본부,구례구전기사업소,본소,광전송설비,작업 이동간 차량 사고 발생 위험,방어운전 시행,,,
328,전남본부,구례구전기사업소,본소,광전송설비,작업 이동간 차량 사고 발생 위험,관용차 정기점검,,,
329,전남본부,구례구전기사업소,본소,광전송설비,작업 이동간 차량 사고 발생 위험,겨울철타이어 교체,,,
330,전남본부,구례구전기사업소,본소,광전송설비,시야확보 어려움에 의한 사고위험,헤드랜턴 사용을 통한 조도 확보,,,
331,전남본부,구례구전기사업소,본소,여객자동안내설비 점검,"기계적 요인(낙화, 추락, 작업도구)",작업장 주변에 승객 부상 방지를 위한 안전펜스 설치,,,
332,전남본부,구례구전기사업소,본소,여객자동안내설비 점검,"기계적 요인(낙화, 추락, 작업도구)",안전발판 사다리 사용,,,
333,전남본부,구례구전기사업소,본소,여객자동안내설비 점검,"기계적 요인(낙화, 추락, 작업도구)",유압식 고소작업대 사용,,,
334,전남본부,구례구전기사업소,본소,여객자동안내설비 점검,"기계적 요인(낙화, 추락, 작업도구)",2인 1조 작업 시행,,,
335,전남본부,구례구전기사업소,본소,여객자동안내설비 점검,"기계적 요인(낙화, 추락, 작업도구)",정리정돈 철저,,,
336,전남본부,구례구전기사업소,본소,여객자동안내설비 점검,"기계적 요인(낙화, 추락, 작업도구)",안전거리 확보 및 안내 철저,,,
337,전남본부,구례구전기사업소,본소,여객자동안내설비 점검,"기계적 요인(낙화, 추락, 작업도구)",작업장 주변 안전라인 설치,,,
338,전남본부,구례구전기사업소,본소,여객자동안내설비 점검,전기적 요인(감전),"AC, DC전원 차단 후 작업 시행",,,
339,전남본부,구례구전기사업소,본소,여객자동안내설비 점검,사다리 작업시 추락위험,안전발판 사다리 사용,,,
340,전남본부,구례구전기사업소,본소,여객자동안내설비 점검,사다리 작업시 추락위험,2인1조 작업철저,,,
341,전남본부,구례구전기사업소,본소,여객자동안내설비 점검,손끼임(협착) 위험,안전보호구 착용 철저,,,
342,전남본부,구례구전기사업소,본소,여객자동안내설비 점검,손끼임(협착) 위험,작업자간 의사소통 철저,,,
343,전남본부,구례구전기사업소,본소,여객자동안내설비 점검,사다리 이동 시 발목 및 근?골격계 부상 위험,2인1조 이동 및 작업,,,
344,전남본부,구례구전기사업소,본소,여객자동안내설비 점검,고소작업시 사다리 전도위험,2인1조 작업,,,
345,전남본부,구례구전기사업소,본소,여객자동안내설비 점검,고소작업시 사다리 전도위험,최상부 작업금지,,,
346,전남본부,구례구전기사업소,본소,개별승하강식 전철보수장비를 이용한 보수,기계적 요인(추락),안전보호구 착용,,,
347,전남본부,구례구전기사업소,본소,개별승하강식 전철보수장비를 이용한 보수,기계적 요인(추락),그네식 안전대 및 웨어러블 등 추락방지 보호구 착용,,,
348,전남본부,구례구전기사업소,본소,개별승하강식 전철보수장비를 이용한 보수,기계적 요인(추락),안전고리 체결,,,
349,전남본부,구례구전기사업소,본소,개별승하강식 전철보수장비를 이용한 보수,기계적 요인(추락),지적확인 환호응답 철저,,,
350,전남본부,구례구전기사업소,본소,개별승하강식 전철보수장비를 이용한 보수,작업특성 요인,사전교육 철저,,,
351,전남본부,구례구전기사업소,본소,개별승하강식 전철보수장비를 이용한 보수,(근로자 실수),그네식 안전대 및 웨어러블 등 추락방지 보호구 착용,,,
352,전남본부,구례구전기사업소,본소,개별승하강식 전철보수장비를 이용한 보수,(근로자 실수),안전보조 난간대 설치,,,
353,전남본부,구례구전기사업소,본소,개별승하강식 전철보수장비를 이용한 보수,(근로자 실수),안전고리 체결,,,
354,전남본부,구례구전기사업소,본소,개별승하강식 전철보수장비를 이용한 보수,(근로자 실수),작업원간 정확한 소통,,,
355,전남본부,구례구전기사업소,본소,개별승하강식 전철보수장비를 이용한 보수,고소작업시 추락위험,안전보호구 착용 철저,,,
356,전남본부,구례구전기사업소,본소,개별승하강식 전철보수장비를 이용한 보수,고소작업시 추락위험,안전걸이 체결 철저,,,
357,전남본부,구례구전기사업소,본소,개별승하강식 전철보수장비를 이용한 보수,중량물 낙하에 의한 사고위험,안전보호구 착용 철저,,,
358,전남본부,구례구전기사업소,본소,개별승하강식 전철보수장비를 이용한 보수,중량물 낙하에 의한 사고위험,지적확인 환호응답 철저,,,
359,전남본부,구례구전기사업소,본소,개별승하강식 전철보수장비를 이용한 보수,장비 오동작(조작미숙)에 의한 부딪힘 위험,주기적인 개별승하강식 장비 교육 및 사용,,,
360,전남본부,구례구전기사업소,본소,개별승하강식 전철보수장비를 이용한 보수,장비 오동작(조작미숙)에 의한 부딪힘 위험,안전보호구 착용 철저,,,
361,전남본부,구례구전기사업소,본소,개별승하강식 전철보수장비를 이용한 보수,장비 오동작(조작미숙)에 의한 부딪힘 위험,안전보조 난간대 설치,,,
362,전남본부,구례구전기사업소,본소,개별승하강식 전철보수장비를 이용한 보수,장비 오동작(조작미숙)에 의한 부딪힘 위험,작업자간 의사소통 철저,,,
363,전남본부,구례구전기사업소,본소,개별승하강식 전철보수장비를 이용한 보수,감전위험,검전기 사용,,,
364,전남본부,구례구전기사업소,본소,개별승하강식 전철보수장비를 이용한 보수,감전위험,안전보호구 착용 철저,,,
365,전남본부,구례구전기사업소,본소,개별승하강식 전철보수장비를 이용한 보수,감전위험,전차선 단전 확인 후 작업 시행,,,
366,전남본부,구례구전기사업소,본소,개별승하강식 전철보수장비를 이용한 보수,모터카 운행 불가시(엔진 멈춤 등),안전보호구 착용(끼임방지),,,
367,전남본부,구례구전기사업소,본소,개별승하강식 전철보수장비를 이용한 보수,모터카 운행 불가시(엔진 멈춤 등),구 원기 연결 작업 시 2인1조 작업,,,
368,전남본부,구례구전기사업소,본소,개별승하강식 전철보수장비를 이용한 보수,모터카 운행 불가시(엔진 멈춤 등),지적확인 환호응답 철저,,,
369,전남본부,구례구전기사업소,본소,전철보수장비 탈선복구 훈련,"기계적 요인(협착, 전도, 충돌)",안전보호구 착용,,,
370,전남본부,구례구전기사업소,본소,전철보수장비 탈선복구 훈련,"기계적 요인(협착, 전도, 충돌)",지적확인 환호응답 철저,,,
371,전남본부,구례구전기사업소,본소,전철보수장비 탈선복구 훈련,"기계적 요인(협착, 전도, 충돌)",아웃트리거 설치 시 노반 확인 및 받침목 설치,,,
372,전남본부,구례구전기사업소,본소,전철보수장비 탈선복구 훈련,"기계적 요인(협착, 전도, 충돌)",열차 감지자 배치,,,
373,전남본부,구례구전기사업소,본소,전철보수장비 탈선복구 훈련,"기계적 요인(협착, 전도, 충돌)",본선과 떨어진 곳에서 훈련 시행,,,
374,전남본부,구례구전기사업소,본소,전철보수장비 탈선복구 훈련,열차접촉위험,열차감시원 배치,,,
375,전남본부,구례구전기사업소,본소,전철보수장비 탈선복구 훈련,열차접촉위험,작업협의 철저,,,
376,전남본부,구례구전기사업소,본소,전철보수장비 탈선복구 훈련,작업공간 협소로 인한 시설물과의 부딪힘 사고위험,지적확인 환호응답 철저,,,
377,전남본부,구례구전기사업소,본소,전철보수장비 탈선복구 훈련,작업공간 협소로 인한 시설물과의 부딪힘 사고위험,안전보호구 착용 철저,,,
378,전남본부,구례구전기사업소,본소,전철보수장비 탈선복구 훈련,훈련 중 추락사고 위험,웨어러블 조끼 및 안전슬링 착용,,,
379,전남본부,구례구전기사업소,본소,전철보수장비 탈선복구 훈련,유압 동작부 손끼임(협착) 부상위험,2인1조 작업 시행,,,
380,전남본부,구례구전기사업소,본소,전철보수장비 탈선복구 훈련,유압 동작부 손끼임(협착) 부상위험,지적확인 환호응답 철저,,,
381,전남본부,구례구전기사업소,본소,전철보수장비 탈선복구 훈련,중량물에 의한 부상위험,작업전 충분한 스트레칭 실시,,,
382,전남본부,구례구전기사업소,본소,전철보수장비 탈선복구 훈련,중량물에 의한 부상위험,2인1조 작업,,,
383,전남본부,구례구전기사업소,본소,전철보수장비 탈선복구 훈련,중량물에 의한 부상위험,지적확인 환호응답 철저,,,
384,전남본부,구례구전기사업소,본소,작업장소 이동(업무용 자동차),"시야확보 어려움, 빗길 등 운전시 미끄러짐에 의한 교통사고",교통법규 준수,,,
385,전남본부,구례구전기사업소,본소,작업장소 이동(업무용 자동차),"시야확보 어려움, 빗길 등 운전시 미끄러짐에 의한 교통사고","저속 운행, 안전거리 확보",,,
386,전남본부,구례구전기사업소,본소,작업장소 이동(업무용 자동차),"시야확보 어려움, 빗길 등 운전시 미끄러짐에 의한 교통사고",보조석 선탑 철저,,,
387,전남본부,구례구전기사업소,본소,작업장소 이동(업무용 자동차),"시야확보 어려움, 빗길 등 운전시 미끄러짐에 의한 교통사고",운행 당일 기상상태 미리 파악,,,
388,전남본부,구례구전기사업소,본소,작업장소 이동(업무용 자동차),사각지대에 의한 사고 위험,안전벨트 착용 철저,,,
389,전남본부,구례구전기사업소,본소,작업장소 이동(업무용 자동차),사각지대에 의한 사고 위험,교통법규 준수,,,
390,전남본부,구례구전기사업소,본소,작업장소 이동(업무용 자동차),후진 이동시 작업자와 접촉사고위험,후진기어시 벨 사용,,,
391,전남본부,구례구전기사업소,본소,작업장소 이동(업무용 자동차),후진 이동시 작업자와 접촉사고위험,전/후방 확인 철저,,,
392,전남본부,구례구전기사업소,본소,작업장소 이동(업무용 자동차),후진 이동시 작업자와 접촉사고위험,유도자 배치,,,
393,전남본부,구례구전기사업소,본소,작업장소 이동(업무용 자동차),피로누적(졸음운전)으로 인한 사고 우려,상호 교대 운전 시행,,,
394,전남본부,구례구전기사업소,본소,작업장소 이동(업무용 자동차),피로누적(졸음운전)으로 인한 사고 우려,교통법규 준수,,,
395,전남본부,구례구전기사업소,본소,작업장소 이동(업무용 자동차),피로누적(졸음운전)으로 인한 사고 우려,"주기적인 환기, 스트레칭 실시",,,
396,전남본부,구례구전기사업소,본소,작업장소 이동(업무용 자동차),"승,하차 시 접지름 부상 위험",주변 지형지물 확인,,,
397,전남본부,구례구전기사업소,본소,작업장소 이동(업무용 자동차),"승,하차 시 접지름 부상 위험",서두르지 말 것,,,
398,전남본부,구례구전기사업소,본소,작업장소 이동(업무용 자동차),자동차 결함으로 인한 교통사고 우려,관용차 운행 전·후 점검,,,
399,전남본부,구례구전기사업소,본소,작업장소 이동(업무용 자동차),자동차 결함으로 인한 교통사고 우려,관용차 운행 작업수칙 준수,,,
400,전남본부,구례구전기사업소,본소,작업장소 이동(업무용 자동차),자동차 결함으로 인한 교통사고 우려,안전점검의 날 활용 자체점검,,,
401,전남본부,구례구전기사업소,본소,안전작업대 사용,균형감 상실로 인한 추락위험,안전보호구 착용철저,,,
402,전남본부,구례구전기사업소,본소,안전작업대 사용,균형감 상실로 인한 추락위험,안전걸이 체결 ,,,
403,전남본부,구례구전기사업소,본소,안전작업대 사용,균형감 상실로 인한 추락위험,웨어러블 보호구 착용,,,
404,전남본부,구례구전기사업소,본소,안전작업대 사용,균형감 상실로 인한 추락위험,2인1조 작업,,,
405,전남본부,구례구전기사업소,본소,안전작업대 사용,공구 낙하로 인한 하부작업자 부상위험,안전보호구 착용 철저,,,
406,전남본부,구례구전기사업소,본소,안전작업대 사용,공구 낙하로 인한 하부작업자 부상위험,안전거리 유지 철저,,,
407,전남본부,구례구전기사업소,본소,폭염에 의한 위험요인,고온,수분보충 및 충분한 휴식,,,
408,전남본부,구례구전기사업소,본소,폭염에 의한 위험요인,고온,폭염 경보 시 작업 중지 및 야간 근무 활용,,,
409,전남본부,구례구전기사업소,본소,폭염에 의한 위험요인,"화재,폭발 위험(전기실,수전실,통신실)",냉방기 상태 확인 및 가동 확인,,,
410,전남본부,구례구전기사업소,본소,폭염에 의한 위험요인,"화재,폭발 위험(전기실,수전실,통신실)",0,,,
411,전남본부,구례구전기사업소,변전주재,가공송전선로 점검,"작업환경 요인(추락, 넘어짐, 찔림, 긁힘, 베임)",안전보호구 착용 및 앙ㄴ전교육,,,
412,전남본부,구례구전기사업소,변전주재,가공송전선로 점검,"작업환경 요인(추락, 넘어짐, 찔림, 긁힘, 베임)",철탑 접근로 정기적 정비,,,
413,전남본부,구례구전기사업소,변전주재,가공송전선로 점검,"작업환경 요인(추락, 넘어짐, 찔림, 긁힘, 베임)",야생동물 퇴치 사이렌 구매,,,
414,전남본부,구례구전기사업소,변전주재,가공송전선로 점검,"작업환경 요인(추락, 넘어짐, 찔림, 긁힘, 베임)",접근로 인식표 부착,,,
415,전남본부,구례구전기사업소,변전주재,가공송전선로 점검,"작업환경 요인(추락, 넘어짐, 찔림, 긁힘, 베임)",전도방향 작업자 대피,,,
416,전남본부,구례구전기사업소,변전주재,가공송전선로 점검,"작업환경 요인(추락, 넘어짐, 찔림, 긁힘, 베임)",전문업체 위탁 수목제거 시행,,,
417,전남본부,구례구전기사업소,변전주재,가공송전선로 점검,"작업환경 요인(추락, 넘어짐, 찔림, 긁힘, 베임)",이동 중 작업자간 안전거리 확보,,,
418,전남본부,구례구전기사업소,변전주재,가공송전선로 점검,"작업환경 요인(추락, 넘어짐, 찔림, 긁힘, 베임)",작업 공간 내 지정/표지,,,
419,전남본부,구례구전기사업소,변전주재,가공송전선로 점검,작업특성 요인(근로자 실수),안전보호구 착용,,,
420,전남본부,구례구전기사업소,변전주재,가공송전선로 점검,작업특성 요인(근로자 실수),작업 전 안전교육 철저,,,
421,전남본부,구례구전기사업소,변전주재,가공송전선로 점검,작업특성 요인(근로자 실수),매뉴얼 숙지 후 드론 운용,,,
422,전남본부,구례구전기사업소,변전주재,가공송전선로 점검,작업특성 요인(근로자 실수),작업자와 보조자 역할 지정,,,
423,전남본부,구례구전기사업소,변전주재,가공송전선로 점검,작업특성 요인(근로자 실수),드론과 조종자간 안전거리(15M 이상) 이격,,,
424,전남본부,구례구전기사업소,변전주재,가공송전선로 점검,작업특성 요인(근로자 실수),드론조종 자격증 취득을 통한 업무 숙련도 상승,,,
425,전남본부,구례구전기사업소,변전주재,가공송전선로 점검,작업환경 요인(공간 및 이동통록),안전교육 철저,,,
426,전남본부,구례구전기사업소,변전주재,가공송전선로 점검,작업환경 요인(공간 및 이동통록),철탑 접근로 신설 및 정기적 정비,,,
427,전남본부,구례구전기사업소,변전주재,전철변압기 점검,"작업환경 요인(추락, 넘어짐, 협착)",안전보호구 착용,,,
428,전남본부,구례구전기사업소,변전주재,전철변압기 점검,"작업환경 요인(추락, 넘어짐, 협착)",추락방지 안전고리 착용,,,
429,전남본부,구례구전기사업소,변전주재,전철변압기 점검,"작업환경 요인(추락, 넘어짐, 협착)",웨어러블 안전조끼 착용,,,
430,전남본부,구례구전기사업소,변전주재,전철변압기 점검,"작업환경 요인(추락, 넘어짐, 협착)",고소작업용 사다리 사용,,,
431,전남본부,구례구전기사업소,변전주재,전철변압기 점검,"작업환경 요인(추락, 넘어짐, 협착)",안전발판 사다리 사용,,,
432,전남본부,구례구전기사업소,변전주재,전철변압기 점검,전기적 요인(감전),작업표준화 매뉴얼 준수,,,
433,전남본부,구례구전기사업소,변전주재,전철변압기 점검,전기적 요인(감전),시험 전압 가압전 육성 경고 및 경보기 사용,,,
434,전남본부,구례구전기사업소,변전주재,전철변압기 점검,전기적 요인(감전),동시수용개소 동시단전,,,
435,전남본부,구례구전기사업소,변전주재,전철변압기 점검,전기적 요인(감전),시험단자와의 이격러리 확보,,,
436,전남본부,구례구전기사업소,변전주재,전철변압기 점검,전기적 요인(감전),시험단자 접촉 및 결속상태 확인,,,
437,전남본부,구례구전기사업소,변전주재,전철변압기 점검,"화학적 요인(액체, 미스트, 분진)",비닐장갑 착용,,,
438,전남본부,구례구전기사업소,변전주재,전철변압기 점검,"(액체, 미스트, 분진)",유증기 보호 마스크 착용,,,
439,전남본부,구례구전기사업소,변전주재,전철변압기 점검,"(액체, 미스트, 분진)",MSDS 자료 비치,,,
440,전남본부,구례구전기사업소,변전주재,전철변압기 점검,"(액체, 미스트, 분진)",별도 보관용기 사용 및 위험표지 부착,,,
441,전남본부,구례구전기사업소,변전주재,전철변압기 점검,"(액체, 미스트, 분진)",방지마스크 착용 및 환기 조치,,,
442,전남본부,구례구전기사업소,변전주재,전철변압기 점검,"(액체, 미스트, 분진)",방진복 착용,,,
443,전남본부,구례구전기사업소,변전주재,전철변압기 점검,"(액체, 미스트, 분진)",작업 후 작업자 및 작업복 먼지제거 실시,,,
444,전남본부,구례구전기사업소,변전주재,전철변압기 점검,"작업특성 요인(근로자 실수, 중량물 취급)",안전보호구 착용,,,
445,전남본부,구례구전기사업소,변전주재,전철변압기 점검,"작업특성 요인(근로자 실수, 중량물 취급)",작업전 안전교육 철저,,,
446,전남본부,구례구전기사업소,변전주재,전철변압기 점검,"작업특성 요인(근로자 실수, 중량물 취급)",작업시간 여유롭게 설정,,,
447,전남본부,구례구전기사업소,변전주재,전철변압기 점검,"작업특성 요인(근로자 실수, 중량물 취급)",중량물 취급시 작업수칙 준수,,,
448,전남본부,구례구전기사업소,변전주재,전철변압기 점검,"작업특성 요인(근로자 실수, 중량물 취급)",중량물 운반용 공기구 구매,,,
449,전남본부,구례구전기사업소,변전주재,전력변압기 점검,"기계적 요인(위험한 표면 충돌, 협착)",안전보호구 착용,,,
450,전남본부,구례구전기사업소,변전주재,전력변압기 점검,"기계적 요인(위험한 표면 충돌, 협착)",작업공간 내 적정조도 확보,,,
451,전남본부,구례구전기사업소,변전주재,전력변압기 점검,"기계적 요인(위험한 표면 충돌, 협착)",비 가압부에 형광도료 등 경보시설 설치,,,
452,전남본부,구례구전기사업소,변전주재,전력변압기 점검,"기계적 요인(위험한 표면 충돌, 협착)",안전보호구(절연장갑) 착용,,,
453,전남본부,구례구전기사업소,변전주재,전력변압기 점검,"기계적 요인(위험한 표면 충돌, 협착)",작업시간 여유롭게 배정,,,
454,전남본부,구례구전기사업소,변전주재,전력변압기 점검,전기적 요인(감전),지적확인 환호응답 철저,,,
455,전남본부,구례구전기사업소,변전주재,전력변압기 점검,전기적 요인(감전),안전보호구 착용,,,
456,전남본부,구례구전기사업소,변전주재,전력변압기 점검,전기적 요인(감전),측정자와 작업자 2인 1조 작업,,,
457,전남본부,구례구전기사업소,변전주재,전력변압기 점검,전기적 요인(감전),접지걸이 설치 ,,,
458,전남본부,구례구전기사업소,변전주재,전력변압기 점검,전기적 요인(감전),"측정 후, 변압기 상별로 방전 시행",,,
459,전남본부,구례구전기사업소,변전주재,전력변압기 점검,전기적 요인(감전),작업자 안전교육 시행,,,
460,전남본부,구례구전기사업소,변전주재,전력변압기 점검,전기적 요인(감전),"작업절차 준수, 지적확인 환호응답 철저",,,
461,전남본부,구례구전기사업소,변전주재,전력변압기 점검,전기적 요인(감전),검전기 적극 활용,,,
462,전남본부,구례구전기사업소,변전주재,전력변압기 점검,전기적 요인(감전),동시수용 개소 모두 단전 조치,,,
463,전남본부,구례구전기사업소,변전주재,전력변압기 점검,전기적 요인(감전),가압부 경보 시설 설치,,,
464,전남본부,구례구전기사업소,변전주재,전력변압기 점검,전기적 요인(감전),가압부 절연방호관 설치,,,
465,전남본부,구례구전기사업소,변전주재,전력변압기 점검,전기적 요인(감전),동시수용개소 작업 중지 및 열화상 카메라 촬영 점검으로 대체,,,
466,전남본부,구례구전기사업소,변전주재,전력변압기 점검,작업특성 요인(불안정한 작업 자세),충분한 스트레칭 후 작업 실시,,,
467,전남본부,구례구전기사업소,변전주재,변전설비 주별 점검,"기계적 요인(충돌, 끼임, 추락, 넘어짐, 위험한 표면)",안전보호구 착용,,,
468,전남본부,구례구전기사업소,변전주재,변전설비 주별 점검,"기계적 요인(충돌, 끼임, 추락, 넘어짐, 위험한 표면)",돌출부 형광도료 및 충격 완화용 고무패킹 설치,,,
469,전남본부,구례구전기사업소,변전주재,변전설비 주별 점검,"기계적 요인(충돌, 끼임, 추락, 넘어짐, 위험한 표면)",도어클로져 속도 적정치 조정,,,
470,전남본부,구례구전기사업소,변전주재,변전설비 주별 점검,"기계적 요인(충돌, 끼임, 추락, 넘어짐, 위험한 표면)",몸으로 미는 페닉바 형 손잡이 문으로 교체,,,
471,전남본부,구례구전기사업소,변전주재,변전설비 주별 점검,"기계적 요인(충돌, 끼임, 추락, 넘어짐, 위험한 표면)",끼임사고 예방 스티커 부착,,,
472,전남본부,구례구전기사업소,변전주재,변전설비 주별 점검,"기계적 요인(충돌, 끼임, 추락, 넘어짐, 위험한 표면)",작업표중 준수,,,
473,전남본부,구례구전기사업소,변전주재,변전설비 주별 점검,"기계적 요인(충돌, 끼임, 추락, 넘어짐, 위험한 표면)",고소작업용 사다리 사용,,,
474,전남본부,구례구전기사업소,변전주재,변전설비 주별 점검,"기계적 요인(충돌, 끼임, 추락, 넘어짐, 위험한 표면)",미끄럼 방지 패드 부착,,,
475,전남본부,구례구전기사업소,변전주재,변전설비 주별 점검,"기계적 요인(충돌, 끼임, 추락, 넘어짐, 위험한 표면)",지적확인 환호응답 철저,,,
476,전남본부,구례구전기사업소,변전주재,변전설비 주별 점검,"기계적 요인(충돌, 끼임, 추락, 넘어짐, 위험한 표면)",휴대용 랜턴으로 조도 확보,,,
477,전남본부,구례구전기사업소,변전주재,변전설비 주별 점검,"기계적 요인(충돌, 끼임, 추락, 넘어짐, 위험한 표면)",긁힘 방지 라운딩 가공 함체 시설,,,
478,전남본부,구례구전기사업소,변전주재,변전설비 주별 점검,"전기적 요인(감전, 이동)",안전보호구 착용,,,
479,전남본부,구례구전기사업소,변전주재,변전설비 주별 점검,"전기적 요인(감전, 이동)",노출부 커버 설치,,,
480,전남본부,구례구전기사업소,변전주재,변전설비 주별 점검,"전기적 요인(감전, 이동)",작업책임자 입회 후 취급 및 점검불필요 개소 쇄정,,,
481,전남본부,구례구전기사업소,변전주재,변전설비 주별 점검,"전기적 요인(감전, 이동)",교대운전,,,
482,전남본부,구례구전기사업소,변전주재,변전설비 주별 점검,"전기적 요인(감전, 이동)",스트레칭 시행,,,
483,전남본부,구례구전기사업소,변전주재,변전설비 주별 점검,"전기적 요인(감전, 이동)",보조자 안전보조 업무 수행,,,
484,전남본부,구례구전기사업소,변전주재,변전설비 주별 점검,"전기적 요인(감전, 이동)",업무용 차량 차선이탈 방지기능 활용,,,
485,전남본부,구례구전기사업소,변전주재,UPS 및 축전지 점검,"기계적 요인(충돌, 넘어짐)",안전보호구 착용,,,
486,전남본부,구례구전기사업소,변전주재,UPS 및 축전지 점검,"기계적 요인(충돌, 넘어짐)",지적확인 환호응답 철저,,,
487,전남본부,구례구전기사업소,변전주재,UPS 및 축전지 점검,"기계적 요인(충돌, 넘어짐)",축전지 교체 시 소형 모델 채택,,,
488,전남본부,구례구전기사업소,변전주재,UPS 및 축전지 점검,"기계적 요인(충돌, 넘어짐)",공구류 절연처리품 사용,,,
489,전남본부,구례구전기사업소,변전주재,UPS 및 축전지 점검,"기계적 요인(충돌, 넘어짐)",고소작업용 사다리 사용,,,
490,전남본부,구례구전기사업소,변전주재,UPS 및 축전지 점검,"기계적 요인(충돌, 넘어짐)",추락방지대 착용,,,
491,전남본부,구례구전기사업소,변전주재,UPS 및 축전지 점검,전기적 요인(감전),공구류 절연처리품 사용,,,
492,전남본부,구례구전기사업소,변전주재,UPS 및 축전지 점검,전기적 요인(감전),축전지 교체 시 소형 모델 채택,,,
493,전남본부,구례구전기사업소,변전주재,UPS 및 축전지 점검,전기적 요인(감전),작업표준준수 및 절연이격거리 확보,,,
494,전남본부,구례구전기사업소,변전주재,UPS 및 축전지 점검,전기적 요인(감전),노출부 커버 설치로 노출부 최소화,,,
495,전남본부,구례구전기사업소,변전주재,UPS 및 축전지 점검,전기적 요인(감전),절연장갑사용 및 공구류 절연처리품 사용,,,
496,전남본부,구례구전기사업소,변전주재,UPS 및 축전지 점검,전기적 요인(감전),축전지 함체 내 감전 위험요인 제거,,,
497,전남본부,구례구전기사업소,변전주재,UPS 및 축전지 점검,작업환경 요인,중량물 운반 시 2인 1조 이상 운반,,,
498,전남본부,구례구전기사업소,변전주재,UPS 및 축전지 점검,"(중량물, 불안전한 작업자세)",장비 반출입구로 리프트 등 중장비를 이용한 입출고,,,
499,전남본부,구례구전기사업소,변전주재,UPS 및 축전지 점검,"(중량물, 불안전한 작업자세)",작업 전후 및 중간 스트레칭 실시,,,
500,전남본부,구례구전기사업소,변전주재,변전 보호계전기 시험,작업특성 요인(중량물),중량물 운반 시 2인 1조 이상 운반,,,
501,전남본부,구례구전기사업소,변전주재,변전 보호계전기 시험,작업특성 요인(중량물),중량물 취급요령 준수,,,
502,전남본부,구례구전기사업소,변전주재,변전 보호계전기 시험,작업특성 요인(중량물),내용연수 경과 시 신형 가벼운 계측기 구매,,,
503,전남본부,구례구전기사업소,변전주재,변전 보호계전기 시험,작업특성 요인(중량물),이동형 리프트 활용하여 계측기 이동,,,
504,전남본부,구례구전기사업소,변전주재,변전 보호계전기 시험,"기계적 요인(협착, 충돌)",안전장갑 등 보호구 착용,,,
505,전남본부,구례구전기사업소,변전주재,변전 보호계전기 시험,"기계적 요인(협착, 충돌)",함체 결선부 점검차 개방식 함체로 구조 개선,,,
506,전남본부,구례구전기사업소,변전주재,변전 보호계전기 시험,"기계적 요인(협착, 충돌)",적정조도 확보를 위한 간이 등기구 설치,,,
507,전남본부,구례구전기사업소,변전주재,변전 보호계전기 시험,전기적 요인(감전),작업표준준수 및 접지장치 투입,,,
508,전남본부,구례구전기사업소,변전주재,변전 보호계전기 시험,전기적 요인(감전),작업 전 급단전 개소 지적확인 환호응답 시행,,,
509,전남본부,구례구전기사업소,변전주재,변전 보호계전기 시험,전기적 요인(감전),작업전 안전교육 실시,,,
510,전남본부,구례구전기사업소,변전주재,변전 보호계전기 시험,전기적 요인(감전),작업전 검전기로 단전확인 철저,,,
511,전남본부,구례구전기사업소,변전주재,변전 보호계전기 시험,전기적 요인(감전),안전보호구 착용,,,
512,전남본부,구례구전기사업소,변전주재,변전 보호계전기 시험,전기적 요인(감전),계측기 측정 중 시험단자 접촉 금지,,,
513,전남본부,구례구전기사업소,변전주재,변전 보호계전기 시험,전기적 요인(감전),시험단자 탈락 방지를 위한 견고한 설치 확인,,,
514,전남본부,구례구전기사업소,변전주재,변전 보호계전기 시험,전기적 요인(감전),작업표준준수 및 검전기 착용,,,
515,전남본부,구례구전기사업소,변전주재,변전 보호계전기 시험,전기적 요인(감전),LCP판넬 쇄정 및 경고등 설치,,,
516,전남본부,구례구전기사업소,변전주재,변전 보호계전기 시험,전기적 요인(감전),설정갑 교차 점검,,,
517,전남본부,구례구전기사업소,변전주재,전력 보호계전기 시험,작업특성 요인(중량물),중량물 운반 시 2인 1조 이상 운반,,,
518,전남본부,구례구전기사업소,변전주재,전력 보호계전기 시험,작업특성 요인(중량물),주량물 취급요령 준수,,,
519,전남본부,구례구전기사업소,변전주재,전력 보호계전기 시험,작업특성 요인(중량물),가벼운 신형계측기 구매,,,
520,전남본부,구례구전기사업소,변전주재,전력 보호계전기 시험,작업특성 요인(중량물),이동형 리프트 활용하여 계측기 이동,,,
521,전남본부,구례구전기사업소,변전주재,전력 보호계전기 시험,기계적 요인(협착),작업용 장갑 착용 후 시험,,,
522,전남본부,구례구전기사업소,변전주재,전력 보호계전기 시험,기계적 요인(협착),0,,,
523,전남본부,구례구전기사업소,변전주재,전력 보호계전기 시험,전기적 요인(감전),작업표준준수 및 검전기 착용,,,
524,전남본부,구례구전기사업소,변전주재,전력 보호계전기 시험,전기적 요인(감전),작업전 급단전 개소 지적확인 환호응답시행,,,
525,전남본부,구례구전기사업소,변전주재,전력 보호계전기 시험,전기적 요인(감전),작업대상 구간 외 큐비클 쇄정,,,
526,전남본부,구례구전기사업소,변전주재,전력 보호계전기 시험,전기적 요인(감전),경고등 설치,,,
527,전남본부,구례구전기사업소,변전주재,전력 보호계전기 시험,전기적 요인(감전),안전보호구 착용,,,
528,전남본부,구례구전기사업소,변전주재,전력 보호계전기 시험,전기적 요인(감전),계측기 측정 중 시험단자 접촉 금지,,,
529,전남본부,구례구전기사업소,변전주재,전력 보호계전기 시험,전기적 요인(감전),시험단자 탈락 방지를 위한 견고한 설치 확인,,,
530,전남본부,구례구전기사업소,변전주재,전력 보호계전기 시험,전기적 요인(감전),접지걸이 설치 및 작업 전 안전교육,,,
531,전남본부,구례구전기사업소,변전주재,전력 보호계전기 시험,전기적 요인(감전),판넬 쇄정 및 경고등 설치,,,
532,전남본부,구례구전기사업소,변전주재,전력 보호계전기 시험,전기적 요인(감전),동시수용개소 작업중지 및 열화상카메라 촬영 점검으로 대체,,,
533,전남본부,구례구전기사업소,변전주재,변전 차단기 점검,"작업특성 요인(낙하비례, 추락, 넘어짐, 충돌)",안전보호구 착용,,,
534,전남본부,구례구전기사업소,변전주재,변전 차단기 점검,"작업특성 요인(낙하비례, 추락, 넘어짐, 충돌)",고소작업요령 준수,,,
535,전남본부,구례구전기사업소,변전주재,변전 차단기 점검,"작업특성 요인(낙하비례, 추락, 넘어짐, 충돌)",작업자 주변 안전거리 확보,,,
536,전남본부,구례구전기사업소,변전주재,변전 차단기 점검,"작업특성 요인(낙하비례, 추락, 넘어짐, 충돌)",고소사다리의 안전난간 설치,,,
537,전남본부,구례구전기사업소,변전주재,변전 차단기 점검,"작업특성 요인(낙하비례, 추락, 넘어짐, 충돌)",이물질 비산에 대한 작업원 사전인지 교육,,,
538,전남본부,구례구전기사업소,변전주재,변전 차단기 점검,"작업특성 요인(낙하비례, 추락, 넘어짐, 충돌)",차단기함내 수동 투/개방 지양,,,
539,전남본부,구례구전기사업소,변전주재,변전 차단기 점검,"작업특성 요인(낙하비례, 추락, 넘어짐, 충돌)",안전 이격거리 확보하여 작업,,,
540,전남본부,구례구전기사업소,변전주재,변전 차단기 점검,"작업특성 요인(낙하비례, 추락, 넘어짐, 충돌)",2인 1조 사다리 작업 실시,,,
541,전남본부,구례구전기사업소,변전주재,변전 차단기 점검,"작업특성 요인(낙하비례, 추락, 넘어짐, 충돌)",공구 사용은 어깨높이 이하에서 시행,,,
542,전남본부,구례구전기사업소,변전주재,변전 차단기 점검,"작업특성 요인(낙하비례, 추락, 넘어짐, 충돌)",작업전 케이블 포설 공간 사전협의,,,
543,전남본부,구례구전기사업소,변전주재,변전 차단기 점검,"작업특성 요인(낙하비례, 추락, 넘어짐, 충돌)",2인이상 작업 실시,,,
544,전남본부,구례구전기사업소,변전주재,변전 차단기 점검,화확전 요인(액체),"장갑, 마스크 등 안전보호구 착용",,,
545,전남본부,구례구전기사업소,변전주재,변전 차단기 점검,작업특성 요인(중량물),중량물 운반 시 2인 1조 이상 운반,,,
546,전남본부,구례구전기사업소,변전주재,변전 차단기 점검,작업특성 요인(중량물),중량물 취급요령 준수,,,
547,전남본부,구례구전기사업소,변전주재,변전 차단기 점검,작업특성 요인(중량물),적정인력 확보,,,
548,전남본부,구례구전기사업소,변전주재,변전 차단기 점검,전기적 요인(감전),작업책임자 입회 우 시행,,,
549,전남본부,구례구전기사업소,변전주재,변전 차단기 점검,전기적 요인(감전),"쇄정, 인터녹장치 임의 해제 금지",,,
550,전남본부,구례구전기사업소,변전주재,변전 차단기 점검,전기적 요인(감전),안전보호구 착용,,,
551,전남본부,구례구전기사업소,변전주재,변전 차단기 점검,전기적 요인(감전),충전부 절연피복 처리로 노출 최소화,,,
552,전남본부,구례구전기사업소,변전주재,변전 차단기 점검,전기적 요인(감전),계측기 측정 중 시험단자 접촉 금지,,,
553,전남본부,구례구전기사업소,변전주재,변전 차단기 점검,전기적 요인(감전),시험단자 탈락 방지를 위한 견고한 설치 확인,,,
554,전남본부,구례구전기사업소,변전주재,변전 차단기 점검,작업환경 요인(공간),"교대운전, 스트레칭 실시",,,
555,전남본부,구례구전기사업소,변전주재,변전 차단기 점검,작업환경 요인(공간),조수석 탑승자 운전 보조업무 수행,,,
556,전남본부,구례구전기사업소,변전주재,변전 차단기 점검,작업환경 요인(공간),업무용 차량 차선이탈 방지기능 활용,,,
557,전남본부,구례구전기사업소,변전주재,가스절연개폐장치 점검,"기계적 요인(넘어짐, 충돌, 추락, 협착)",안전보호구 착용,,,
558,전남본부,구례구전기사업소,변전주재,가스절연개폐장치 점검,"기계적 요인(넘어짐, 충돌, 추락, 협착)",돌출부 형광도료 및 충격 완화용 고무패킹 설치,,,
559,전남본부,구례구전기사업소,변전주재,가스절연개폐장치 점검,"기계적 요인(넘어짐, 충돌, 추락, 협착)","차단기 스프링, 유압의 탄성력 완해 후 작업 시행",,,
560,전남본부,구례구전기사업소,변전주재,가스절연개폐장치 점검,"기계적 요인(넘어짐, 충돌, 추락, 협착)",2인 이상 작업(보조자 확보),,,
561,전남본부,구례구전기사업소,변전주재,가스절연개폐장치 점검,"기계적 요인(넘어짐, 충돌, 추락, 협착)",웨어러블 안전조끼 착용,,,
562,전남본부,구례구전기사업소,변전주재,가스절연개폐장치 점검,"기계적 요인(넘어짐, 충돌, 추락, 협착)",안전고리 체결,,,
563,전남본부,구례구전기사업소,변전주재,가스절연개폐장치 점검,"기계적 요인(넘어짐, 충돌, 추락, 협착)",작업책임자 입회 및 지적확인 환호응답 철저,,,
564,전남본부,구례구전기사업소,변전주재,가스절연개폐장치 점검,"기계적 요인(넘어짐, 충돌, 추락, 협착)",옆면 덮개 여닫이 문으로 개선,,,
565,전남본부,구례구전기사업소,변전주재,가스절연개폐장치 점검,"기계적 요인(넘어짐, 충돌, 추락, 협착)",지적확인 환호응답 철저,,,
566,전남본부,구례구전기사업소,변전주재,가스절연개폐장치 점검,전기적 요인(감전),전기차 미운행시간 차단작업 시행,,,
567,전남본부,구례구전기사업소,변전주재,가스절연개폐장치 점검,전기적 요인(감전),작업책임자 입회 후 시행,,,
568,전남본부,구례구전기사업소,변전주재,가스절연개폐장치 점검,전기적 요인(감전),가스 충전개소와 밸브 지적확인 시행,,,
569,전남본부,구례구전기사업소,변전주재,가스절연개폐장치 점검,전기적 요인(감전),가스충진개소 경광등 설치 주의력 향상,,,
570,전남본부,구례구전기사업소,변전주재,가스절연개폐장치 점검,작업특성 요인(질식),충분히 환기(창문/출입문 개방),,,
571,전남본부,구례구전기사업소,변전주재,가스절연개폐장치 점검,작업특성 요인(질식),MSDS 취급요령에 따른 후속대책 시행,,,
572,전남본부,구례구전기사업소,변전주재,가스절연개폐장치 점검,작업특성 요인(질식),공기호흡기 위치 파악하여 응급 상황 시 활용,,,
573,전남본부,구례구전기사업소,변전주재,가스절연개폐장치 점검,작업특성 요인(질식),가스누출로 산소농도 저하시 경보장치 설치,,,
574,전남본부,구례구전기사업소,변전주재,소규모 제어포인트 점검,"기계적 요인(충돌위험 부분, 추락)",안전보호구 착용,,,
575,전남본부,구례구전기사업소,변전주재,소규모 제어포인트 점검,"기계적 요인(충돌위험 부분, 추락)",작업책임자 지정,,,
576,전남본부,구례구전기사업소,변전주재,소규모 제어포인트 점검,"기계적 요인(충돌위험 부분, 추락)",미끄럼 방지 테이프 설치로 미끄러짐 사고예방,,,
577,전남본부,구례구전기사업소,변전주재,소규모 제어포인트 점검,"기계적 요인(충돌위험 부분, 추락)",안전요대 및추락방지 고리 체결 후 작업,,,
578,전남본부,구례구전기사업소,변전주재,소규모 제어포인트 점검,전기적 요인(감전),안전보호구 착용,,,
579,전남본부,구례구전기사업소,변전주재,소규모 제어포인트 점검,전기적 요인(감전),단자 덮개 설치 확인,,,
580,전남본부,구례구전기사업소,변전주재,소규모 제어포인트 점검,작업환경 요인(공간),안전보호구 착용,,,
581,전남본부,구례구전기사업소,변전주재,소규모 제어포인트 점검,작업환경 요인(공간),GLDS 함체 내 20분 이상 연속작업 지양,,,
582,전남본부,구례구전기사업소,변전주재,소규모 제어포인트 점검,작업환경 요인(공간),시험단자대를 외부로 빼기,,,
583,전남본부,구례구전기사업소,변전주재,전력 배전반 점검,"기계적 요인(충돌, 끼임)",안전보호구 착용,,,
584,전남본부,구례구전기사업소,변전주재,전력 배전반 점검,"기계적 요인(충돌, 끼임)",돌출부에 접촉방지패드 부착,,,
585,전남본부,구례구전기사업소,변전주재,전력 배전반 점검,"기계적 요인(충돌, 끼임)",판넬 취급자 지정,,,
586,전남본부,구례구전기사업소,변전주재,전력 배전반 점검,전기적 요인(감전),급전계통 확인 철저,,,
587,전남본부,구례구전기사업소,변전주재,전력 배전반 점검,전기적 요인(감전),검전기로 단전 확인,,,
588,전남본부,구례구전기사업소,변전주재,전력 배전반 점검,전기적 요인(감전),임의 조작 및 취급금지,,,
589,전남본부,구례구전기사업소,변전주재,전력 배전반 점검,전기적 요인(감전),작업 전 안전교육 및 불필요 개소 쇄정,,,
590,전남본부,구례구전기사업소,변전주재,전력 배전반 점검,전기적 요인(감전),노출부 가림막 설치 ,,,
591,전남본부,구례구전기사업소,변전주재,전력 배전반 점검,전기적 요인(감전),가압중인 판넬에는 경고 표지 부착,,,
592,전남본부,구례구전기사업소,변전주재,전력 배전반 점검,전기적 요인(감전),절연봉 사용 및 작업책임자 입회,,,
593,전남본부,구례구전기사업소,변전주재,전력 배전반 점검,전기적 요인(감전),급정 중 작업 지양,,,
594,전남본부,구례구전기사업소,변전주재,전력 배전반 점검,전기적 요인(감전),지적확인 환호응답 철저,,,
595,전남본부,구례구전기사업소,변전주재,전력 배전반 점검,전기적 요인(감전),절연장갑 착용 후 시험,,,
596,전남본부,구례구전기사업소,변전주재,전력 배전반 점검,전기적 요인(감전),차단기 취급자 지정 및 2인 1조 크로스 체크,,,
597,전남본부,구례구전기사업소,변전주재,RC-BANK 점검,"기계적 요인(추락, 넘어짐, 충돌)",안전보호구 착용,,,
598,전남본부,구례구전기사업소,변전주재,RC-BANK 점검,"기계적 요인(추락, 넘어짐, 충돌)",웨어러블 안전조끼 착용,,,
599,전남본부,구례구전기사업소,변전주재,RC-BANK 점검,"기계적 요인(추락, 넘어짐, 충돌)",RC-BANK상부 작업자 추락방지용 안전난간 설치,,,
600,전남본부,구례구전기사업소,변전주재,RC-BANK 점검,"기계적 요인(추락, 넘어짐, 충돌)",작업시 조도 확보,,,
601,전남본부,구례구전기사업소,변전주재,RC-BANK 점검,"기계적 요인(추락, 넘어짐, 충돌)",지적확인 환호응답 철저,,,
602,전남본부,구례구전기사업소,변전주재,RC-BANK 점검,전기적 요인(감전),접지걸이 설치 및 단전확인 철저,,,
603,전남본부,구례구전기사업소,변전주재,RC-BANK 점검,전기적 요인(감전),검전기 사용,,,
604,전남본부,구례구전기사업소,변전주재,RC-BANK 점검,전기적 요인(감전),충전전류 방전 철저,,,
605,전남본부,구례구전기사업소,변전주재,작업장소 이동(업무용 자동차 운전),작업특성 요인(근로자 실수),안전벨트 착용,,,
606,전남본부,구례구전기사업소,변전주재,작업장소 이동(업무용 자동차 운전),작업특성 요인(근로자 실수),규정속도 준수,,,
607,전남본부,구례구전기사업소,변전주재,작업장소 이동(업무용 자동차 운전),작업특성 요인(근로자 실수),주기적 환기 실시,,,
608,전남본부,구례구전기사업소,변전주재,작업장소 이동(업무용 자동차 운전),작업특성 요인(근로자 실수),교대운전 실시,,,
609,전남본부,구례구전기사업소,변전주재,폭염에 의한 위험요인,고온,수분보충 및 충분한 휴식,,,
610,전남본부,구례구전기사업소,변전주재,폭염에 의한 위험요인,고온,폭염 경보 시 작업 중지 및 야간 근무 활용,,,
611,전남본부,구례구전기사업소,변전주재,폭염에 의한 위험요인,"화재,폭발 위험(전기실,수전실,통신실)",냉방기 상태 확인 및 가동 확인,,,
