"[별표 2] <개정 2023.12.06., 2024.12.27.>",,,,
정보통신설비의 점검보수항목 및 주기,,,,
설비명,구분,점검 항목,점검주기,비고
통신선로설비,상태,"1. 광관로 취부상태 및 파손, 노출 여부",1M,
통신선로설비,상태,"2. 각종표지(케이블 매설, 접속, 지중도체) 훼손 및 맨홀 이상유무(침수·배수 포함)",1M,
통신선로설비,상태,"3. 통신케이블 접속 및 접지상태, 외피이상유무",1M,
통신선로설비,상태,4. 광케이블 스파이럴 보호 이상 유무,1M,
통신선로설비,계측,"1. 광 케이블 손실 측정(단, 광케이블 감시시스템 구축개소 년 1회)",6M,
통신선로설비,계측,2. 동 케이블 선조도체저항 및 불평형율 측정,6M,
통신선로설비,계측,3. 동 케이블 회선도체 저항측정,6M,
통신선로설비,계측,4. 절연저항 측정,6M,
통신선로설비,계측,5. 접지저항 측정,1Y,
연선전화기,상태,1. 인입선 접속 및 함체고정상태,1M,
연선전화기,상태,2. 쇄정상태 점검,1M,
연선전화기,상태,3. 기초지지대 및 외함접지 상태 ,1M,
연선전화기,상태,4. 주기 및 표시상태 ,1M,
연선전화기,동작,1. 통화기능 시험 및 switching HUB 기능,1M,
연선전화기,동작,2. 전환스위치 시험,1M,
선로변 통합 인터페이스 장치,상태,"1. 연선전화 서버 상태(CPU, 메모리, 디스크 사용율 등)",1M,
선로변 통합 인터페이스 장치,상태,2. 네트워크장치(L3 S/W) 상태,1M,
선로변 통합 인터페이스 장치,상태,3. 광링크장치(L2 S/W) 상태 ,1M,
선로변 통합 인터페이스 장치,상태,"4. 온습도, 도어 경보 상태",1M,
선로변 통합 인터페이스 장치,동작,"1. 광링크장치, 연선전화기, 환경센서 접속시험(웹서버, Ping 명령어 등) ",1M,
선로변 통합 인터페이스 장치,동작,2. 통화기능 시험(아날로그 전화기 해당),1M,
광전송설비(DWDM 포함),상태,1. 각종 램프 및 카드 상태(경보발생),3M,
광전송설비(DWDM 포함),상태,2. 케이블 커넥터 접속 및 정리 상태,3M,
광전송설비(DWDM 포함),상태,3. FAN 동작상태,3M,
광전송설비(DWDM 포함),동작,1. 커넥터 클리닝 및 광선로 절체시험,6M,
광전송설비(DWDM 포함),동작,2. 동기클럭 절체 시험(DWDM 제외),6M,
광전송설비(DWDM 포함),동작,"3. 이중화부 동작, 절체시험",6M,
광전송설비(DWDM 포함),동작,4. 설정 상태 확인 및 DB 백업,6M,
광전송설비(DWDM 포함),계측,1. 장비 입·출력 전압 확인,3M,
광전송설비(DWDM 포함),계측,2. 광 송ㆍ수신 레벨 확인,3M,
광전송설비(DWDM 포함),계측,"3. 성능(CV, ES, SES, USA) 확인",3M,
통합망관리 시스템(TNMS),상태,1. 각종 램프 및 외관 상태,1M,
통합망관리 시스템(TNMS),상태,2. 각종 케이블 접속 상태,1M,
통합망관리 시스템(TNMS),상태,"3. CPU, 메모리, 하드디스크 상태",1M,
통합망관리 시스템(TNMS),상태,4. 디스크 어레이 및 데이터베이스 상태,1M,
통합망관리 시스템(TNMS),상태,5. 백업 상태,1M,
PCM설비,상태,1. 케이블 커넥터 접속 상태점검,3M,
PCM설비,상태,2. 각종 램프(LED) 및 카드 상태,3M,
PCM설비,상태,3. 회선정보(선번장 등) 일치여부 확인,6M,
PCM설비,동작,1. 주요가입자(DSo급DATA)동작상태 점검 ,6M,
PCM설비,동작,"2. 이중화부 동작, 절체 시험",6M,
PCM설비,계측,"1. 오류시간 검출누적, 산출기능",6M,
PCM설비,계측,2. 출력 전압 및 리플 측정,6M,
클럭공급설비(Dots),상태,1. 각종 램프(LED) 및 카드 상태(경보발생),3M,
클럭공급설비(Dots),상태,2. 회선정보(선번장 등) 일치여부 확인,3M,
클럭공급설비(Dots),동작,1. 이중화부 동작 절체시험,3M,
클럭공급설비(Dots),계측,1. 장비 입ㆍ출력 전압 확인,3M,
회선분배설비(DCS),상태,1. 각종 램프(LED) 및 카드 상태(경보발생),3M,
회선분배설비(DCS),동작,1. 이중화부 동작 절체시험,3M,
회선분배설비(DCS),동작,2. 회선정보 등 DB 백업,3M,
회선분배설비(DCS),계측,1. 장비 입ㆍ출력 전압 확인,3M,
열차무선(LTE-R) 중앙제어설비,상태,1. 각종 케이블 및 커넥터 접속상태,1M,
열차무선(LTE-R) 중앙제어설비,상태,2. 카드삽입상태 및 기기 청소상태,1M,
열차무선(LTE-R) 중앙제어설비,상태,3. LED점등상태,1M,
열차무선(LTE-R) 중앙제어설비,상태,4. EPC-MME 상태,1M,
열차무선(LTE-R) 중앙제어설비,상태,5. EPC-HSS 상태,1M,
열차무선(LTE-R) 중앙제어설비,상태,6. PCRF 상태,1M,
열차무선(LTE-R) 중앙제어설비,상태,7. SAE-G/W 상태,1M,
열차무선(LTE-R) 중앙제어설비,상태,8. IMS-CSCF(BGCF) 상태,1M,
열차무선(LTE-R) 중앙제어설비,상태,9. IMS-MRF 상태,1M,
열차무선(LTE-R) 중앙제어설비,상태,10. IBCF/TrGW 상태,1M,
열차무선(LTE-R) 중앙제어설비,상태,11. MGCF/MGW 상태,1M,
열차무선(LTE-R) 중앙제어설비,상태,12. TAS 상태,1M,
열차무선(LTE-R) 중앙제어설비,상태,13. SMSC/MMSC/MTS 상태,1M,
열차무선(LTE-R) 중앙제어설비,상태,14. IPLS 상태,1M,
열차무선(LTE-R) 중앙제어설비,상태,15. MC-PTT + CSC 상태,1M,
열차무선(LTE-R) 중앙제어설비,상태,16. 지령서버 상태,1M,
열차무선(LTE-R) 중앙제어설비,상태,17. DNS 상태,1M,
열차무선(LTE-R) 중앙제어설비,상태,18. MDM 상태,1M,
열차무선(LTE-R) 중앙제어설비,상태,19. PUSH 상태,1M,
열차무선(LTE-R) 중앙제어설비,상태,20. 위치서버 상태,1M,
열차무선(LTE-R) 중앙제어설비,상태,21. NTP 상태,1M,
열차무선(LTE-R) 중앙제어설비,상태,22. 데이터백업 서버 상태,1M,
열차무선(LTE-R) 중앙제어설비,상태,23. 개통서버 상태,1M,
열차무선(LTE-R) 중앙제어설비,상태,24. FOTA 상태,1M,
열차무선(LTE-R) 중앙제어설비,상태,25. 보안설비 상태,1M,
열차무선(LTE-R) 중앙제어설비,상태,26. EMS 상태,1M,
열차무선(LTE-R) 중앙제어설비,상태,27. DCM(Call서버) 상태,1M,
열차무선(LTE-R) 중앙제어설비,상태,28. 녹취서버 상태,1M,
열차무선(LTE-R) 중앙제어설비,상태,29. NMS 수집/운용/DB 서버상태,1M,
열차무선(LTE-R) 중앙제어설비,상태,30. 관제조작반 상태,1M,
열차무선(LTE-R) 중앙제어설비,상태,"31. 네트워크, RoIP 상태",1M,
열차무선(LTE-R) 중앙제어설비,동작 ,1. 공통부/이중화부 기능 및 절체시험,6M,
열차무선(LTE-R) 중앙제어설비,동작 ,2. 네트워크설비 기능 및 절체시험,6M,
열차무선(LTE-R) 중앙제어설비,동작 ,"3. LSM, CSM, NMS 데이터 확인",6M,
열차무선(LTE-R) 중앙제어설비,동작 ,4. 중앙제어설비 기능 연동 절체시험,6M,
열차무선(LTE-R) 중앙제어설비,계측,"1. 네트워크 장비 CPU, Memory, Disk 측정",1Y,
열차무선(LTE-R) 중앙제어설비,계측,"2. 중앙제어설비 장치별 CPU, Memory, Disk 측정",1Y,
열차무선(LTE-R) eNB(DU) ,상태,1. 각종 케이블 연결 및 커넥터 접속상태,3M,
열차무선(LTE-R) eNB(DU) ,상태,2. DU GPS 수신 상태,3M,
열차무선(LTE-R) eNB(DU) ,상태,3. DU 이벤트 발생정보 및 파라미터 설정 상태,3M,
열차무선(LTE-R) eNB(DU) ,상태,4. DU 유니트 실장 및 네트워크 상태,3M,
열차무선(LTE-R) eNB(DU) ,동작,1. DU 모듈기능 및 이중화부 절체시험,6M,
열차무선(LTE-R) eNB(DU) ,동작,2. DU GPSR(GPS Receiver) 수신상태 시험,6M,
열차무선(LTE-R) eNB(RRU) ,상태,1. 각종 케이블 연결 및 커넥터 접속상태,3M,
열차무선(LTE-R) eNB(RRU) ,상태,"2. RRU 광모듈, 안테나, 어레스터 설치 상태",3M,
열차무선(LTE-R) eNB(RRU) ,동작,1. RRU 모듈기능 및 이중화부 절체시험,6M,
열차무선(LTE-R) eNB(RRU) ,동작,"2. RRU 전원부, 광모듈 동작상태 시험",6M,
열차무선(LTE-R) eNB(RRU) ,계측 ,1. RRU 송신 주파수 편차,1Y,
열차무선(LTE-R) eNB(RRU) ,계측 ,"2. 데이터 전송용량(단말기별 다운링크 2Mbps 이상, 업링크 1Mbps 이상)",1Y,
열차무선(LTE-R) eNB(RRU) ,계측 ,3. RRU 송신출력(46dBm 이하) 및 반사출력,1Y,
열차무선(LTE-R) eNB(RRU) ,계측 ,4. RRU 광케이블 손실값,1Y,
열차무선(LTE-R) eNB(RRU) ,계측 ,5. 전파환경(RSRP –110dBm 이상) 측정,1Y,
열차무선(LTE-R) eNB(RRU) ,계측 ,6. DU-RRU 간 광송수신 레벨,1Y,
열차무선(LTE-R) 이동국,상태,"1. 송·수신 통화 및 표시부, 안테나 손상여부",6M,
열차무선(LTE-R) 이동국,상태,2. 커넥터 및 케이블 접속상태,6M,
열차무선(LTE-R) 이동국,동작,1. 송수화기 PTT스위치 및 마이크 동작상태,6M,
열차무선(LTE-R) 이동국,동작,2. 승무원용 통합무선통신장치 동작상태,6M,
열차무선(LTE-R) 이동국,동작,3. GPS 채널전환 동작상태,6M,
열차무선(LTE-R) 이동국,동작,"4. 조작반 LCD패널, 각종 버튼 동작상태",6M,
열차무선(LTE-R) 이동국,동작,5. TRCP 이중화 절체시험,6M,
열차무선(LTE-R) 이동국,계측,1. 전파환경(RSRP –95dBm 이상),1Y,
열차무선(LTE-R) 이동국,계측,2. 송신출력(23dBm 이하),1Y,
열차무선(LTE-R) 이동국,계측,3. 송신부 주파수 편차,1Y,
열차무선(LTE-R) 휴대국,상태,1. 단말기 외형상태,1Y,
열차무선(LTE-R) 휴대국,상태,2. 배터리 탈부착 상태,1Y,
열차무선(LTE-R) 휴대국,동작,"1. 터치화면, 키패드 동작상태",1Y,
열차무선(LTE-R) 휴대국,동작,"2. VoLTE, 영상, SMS, MMS, PTT동작상태",1Y,
열차무선(LTE-R) 휴대국,계측,1. 송신출력(23dBm 이하),1Y,
열차무선(TRS-ASTRO) 중앙제어설비,상태,1. 각종 케이블 및 커넥타 접속상태,1M,
열차무선(TRS-ASTRO) 중앙제어설비,상태,2. 각종 램프(LED) 및 카드상태,1M,
열차무선(TRS-ASTRO) 중앙제어설비,동작,1. 서브시스템(1∼6) 전환장치 시험,1M,
열차무선(TRS-ASTRO) 중앙제어설비,동작,2. C/B RS 1 ∼ 36 동작/경보 상태,1M,
열차무선(TRS-ASTRO) 중앙제어설비,동작,3. 녹음장치 동작/경보 상태,1M,
열차무선(TRS-ASTRO) 중앙제어설비,동작,4. Data중앙처리장치(RNC) 동작/경보 상태,1M,
열차무선(TRS-ASTRO) 중앙제어설비,동작,5. 차량고장서버(Mini-CAD)동작/경보 상태,1M,
열차무선(TRS-ASTRO) 중앙제어설비,동작,6. 유지보수터미널(WIZCOM) 동작/경보 상태,1M,
열차무선(TRS-ASTRO) 중앙제어설비,동작,7. 유지보수장치(MOSCAD) 동작/경보 상태,1M,
열차무선(TRS-ASTRO) 중앙제어설비,동작,8. 이중화부 절체시험,6M,
열차무선(TRS-ASTRO) 중앙제어설비,계측,1. 장비 입력전압 확인,1M,
열차무선(TRS-ASTRO) 중앙제어설비,계측,2. 절연 및 접지저항 측정,1M,
열차무선(TRS-ASTRO) 중계기지국장치,상태,1. 각종 케이블 및 커넥타 접속 및 손상여부,1M,
열차무선(TRS-ASTRO) 중계기지국장치,상태,"2. 장비 내부온도 및 습도, 먼지 등 환경상태",1M,
열차무선(TRS-ASTRO) 중계기지국장치,상태,3. 각종 램프 및 카드 상태(경보발생),1M,
열차무선(TRS-ASTRO) 중계기지국장치,상태,4. 안테나 RF서지보호기 상태,1M,
열차무선(TRS-ASTRO) 중계기지국장치,상태,"5. 각종 볼트, 너트 이완상태",1M,
열차무선(TRS-ASTRO) 중계기지국장치,동작,1. Quantar 1-6채널 경보발생 상태,1M,
열차무선(TRS-ASTRO) 중계기지국장치,동작,2. Remote Site Controller 경보발생 상태,1M,
열차무선(TRS-ASTRO) 중계기지국장치,동작,3. Remote Site Controller전환장치 경보상태,1M,
열차무선(TRS-ASTRO) 중계기지국장치,동작,4. 채널뱅크 경보발생 상태,1M,
열차무선(TRS-ASTRO) 중계기지국장치,동작,5. MFTS(GPS 공급장치) 경보발생 상태,1M,
열차무선(TRS-ASTRO) 중계기지국장치,동작,6. 유지보수장치(MOSCAD)경보발생 상태,1M,
열차무선(TRS-ASTRO) 중계기지국장치,동작,7. 혼합기(Combiner) 경보발생 상태,1M,
열차무선(TRS-ASTRO) 중계기지국장치,동작,8. 수신분배장치 경보발생 상태,1M,
열차무선(TRS-ASTRO) 중계기지국장치,동작,9. MU/RU/BDA 경보발생 상태,1M,
열차무선(TRS-ASTRO) 중계기지국장치,동작,10. 이중화부 절체시험,6M,
열차무선(TRS-ASTRO) 중계기지국장치,계측,1. Quantar 수신부(1-6) 감도(≤-117㏈m),1Y,
열차무선(TRS-ASTRO) 중계기지국장치,계측,2. Quantar 수신부(1-6) 오디오 왜율(≤3%),1Y,
열차무선(TRS-ASTRO) 중계기지국장치,계측,3. Quantar 수신부(1-6) 전계강도(≥-90㏈m),1Y,
열차무선(TRS-ASTRO) 중계기지국장치,계측,"4. Quantar 송신부(1-6) 주파수편이(음성±3.6㎑,DBS3.9㎑이내)",1Y,
열차무선(TRS-ASTRO) 중계기지국장치,계측,5. Quantar 송신부(1-6) RF출력(50-70W),1Y,
열차무선(TRS-ASTRO) 중계기지국장치,계측,6. Quantar 송신부(1-6) 반사출력(1-3W),1Y,
열차무선(TRS-ASTRO) 중계기지국장치,계측,7. Quantar 송신부(1-6) 주파수편차(±200㎑이내),1Y,
열차무선(TRS-ASTRO) 중계기지국장치,계측,8. Remote Site Controller 전원공급기 출력전압(5Vdc±0.1Vdc),1Y,
열차무선(TRS-ASTRO) 중계기지국장치,계측,9. MOSCAD 배터리 전압(13-14Vdc 이내),1Y,
열차무선(TRS-ASTRO) 중계기지국장치,계측,10. 안테나 접지저항(5Ω이하),1Y,
열차무선(TRS-ASTRO) 중계기지국장치,계측,"11. MU UP-Link(25㏈m∼28㏈m), Down-Link신호(8㏈m∼16㏈m)",1Y,
열차무선(TRS-ASTRO) 중계기지국장치,계측,"12.RU(BDA) 출력전압(13Vdc±1Vdc, 25Vdc±1Vdc)",1Y,
열차무선(TRS-ASTRO) 중계기지국장치,계측,13. RU(BDA) 입력신호(7㏈m(±2㏈이내)) 출력신호수치(24㏈m(±2㏈이내)) RF 출력전력(40mW ± 5mW),1Y,
열차무선(TRS-ASTRO) 중계기지국장치,계측,14. 누설동축케이블 전계강도 측정,1Y,
열차무선(TRS-ASTRO) 중계기지국장치,계측,15. 스프리어스 측정,1Y,
열차무선(TRS-ASTRO) 역용기지국,상태,1. 각종 표시부 동작상태 ,6M,
열차무선(TRS-ASTRO) 역용기지국,상태,2. 안테나 및 각종 배선 접속 상태,6M,
열차무선(TRS-ASTRO) 역용기지국,동작,1. 송ㆍ수신 통화 및 마이크 동작상태,6M,
열차무선(TRS-ASTRO) 역용기지국,계측,1. 송·수신부 주파수 편차(기준치의 ±100㎐이내),6M,
열차무선(TRS-ASTRO) 역용기지국,계측,2. 수신부 왜율(≤3%),6M,
열차무선(TRS-ASTRO) 역용기지국,계측,3. 수신부 민감성 (RF 입력〈 0.35㎶),6M,
열차무선(TRS-ASTRO) 역용기지국,계측,4. 송신부 RF출력(30W ± 5W),6M,
열차무선(TRS-ASTRO) 역용기지국,계측,5. 송신부 주파수 편이(±2.5㎑이내),6M,
열차무선(TRS-ASTRO) 역용기지국,계측,6. 스프리어스 측정,6M,
이동국(TRS-ASTRO) (휴대국포함),상태,"1. 표시부, 안테나상태",1Y,
이동국(TRS-ASTRO) (휴대국포함),상태,2. 컨트롤헤드 및 절체스위치 동작상태(이동국),1Y,
이동국(TRS-ASTRO) (휴대국포함),상태,3. GPS 장치 동작 상태(이동국),1Y,
이동국(TRS-ASTRO) (휴대국포함),상태,4. 서브랙 장치별 동작상태(이동국),1Y,
이동국(TRS-ASTRO) (휴대국포함),동작,1. 송ㆍ수신 통화 및 마이크 동작상태,1Y,
이동국(TRS-ASTRO) (휴대국포함),계측,1. 송·수신부 주파수 편차(기준치의 ±100㎐이내) (휴대용은 기준치의 ±100㎐이내),1Y,
이동국(TRS-ASTRO) (휴대국포함),계측,2. 수신부 왜율(≤3%),1Y,
이동국(TRS-ASTRO) (휴대국포함),계측,3. 수신부 민감성 (RF 입력〈 0.35㎶),1Y,
이동국(TRS-ASTRO) (휴대국포함),계측,4. 송신부 RF출력(30W ± 5W),1Y,
이동국(TRS-ASTRO) (휴대국포함),계측,5. 송신부 주파수 편이(±2.5㎑이내),1Y,
열차무선(TRS-TETRA) 중앙제어설비,상태,1. 각종 케이블 및 커넥타 접속상태,1M,
열차무선(TRS-TETRA) 중앙제어설비,상태,2. 기기 손상 상태 및 기기 청소상태,1M,
열차무선(TRS-TETRA) 중앙제어설비,상태,3. 각종 모듈 LED점등 상태,1M,
열차무선(TRS-TETRA) 중앙제어설비,상태,4. 라우터 및 스위치 동작상태,1M,
열차무선(TRS-TETRA) 중앙제어설비,상태,5. 주제어 장치 동작상태,1M,
열차무선(TRS-TETRA) 중앙제어설비,상태,6. 데이터 처리장치 동작상태,1M,
열차무선(TRS-TETRA) 중앙제어설비,상태,7. 전화접속장치 동작상태,1M,
열차무선(TRS-TETRA) 중앙제어설비,상태,8. 녹음장치 동작상태,1M,
열차무선(TRS-TETRA) 중앙제어설비,상태,9. 시스템 관리장치 동작상태,1M,
열차무선(TRS-TETRA) 중앙제어설비,상태,10. 원격유지관리장치 동작상태,1M,
열차무선(TRS-TETRA) 중앙제어설비,상태,11. 유선지령장치 동작상태,1M,
열차무선(TRS-TETRA) 중앙제어설비,상태,12. 연계장치 동작상태,1M,
열차무선(TRS-TETRA) 중앙제어설비,상태,13. 인증센터 동작상태,1M,
열차무선(TRS-TETRA) 중앙제어설비,동작,1. 주제어장치 기능 및 연동 절체시험,6M,
열차무선(TRS-TETRA) 중앙제어설비,동작,"2. 라우터, 랜스위치 기능 및 절체시험",6M,
열차무선(TRS-TETRA) 중앙제어설비,동작,3. 이중화부 절체시험 및 장치별 DB백업,6M,
열차무선(TRS-TETRA) 중앙제어설비,계측,"1. 절연 및 접지저항 측정(단, 접지저항 년1회)",6M,
열차무선(TRS-TETRA) 중앙제어설비,계측,"2. 전송 및 라우터 패킷, BER 측정",1Y,
열차무선(TRS-TETRA) 중앙제어설비,계측,3. 각 관리 장치별 데이터 측정,1Y,
열차무선(TRS-TETRA) 중앙제어설비,계측,4. 중앙제어설비 장치별 스펙 측정,1Y,
열차무선(TRS-TETRA) 중계기지국장치,상태,1. 각종케이블 및 커넥타 접속상태,1M,
열차무선(TRS-TETRA) 중계기지국장치,상태,2. 중계기지국 장비 내/외부 상태,1M,
열차무선(TRS-TETRA) 중계기지국장치,상태,3. 안테나 RF서지보호기 동작상태,1M,
열차무선(TRS-TETRA) 중계기지국장치,상태,4. Site Controller 동작상태,1M,
열차무선(TRS-TETRA) 중계기지국장치,상태,5. GPS 수신 동작상태,1M,
열차무선(TRS-TETRA) 중계기지국장치,상태,6. Base Radio 1~4채널 동작상태,1M,
열차무선(TRS-TETRA) 중계기지국장치,상태,7. PSU 동작상태,1M,
열차무선(TRS-TETRA) 중계기지국장치,상태,8. MU/RU/BDA 동작상태,1M,
열차무선(TRS-TETRA) 중계기지국장치,동작,1. 공통부 / 이중화 모듈 기능 및 절체시험,6M,
열차무선(TRS-TETRA) 중계기지국장치,동작,2. 광주중계기 기능 및 절체시험,6M,
열차무선(TRS-TETRA) 중계기지국장치,동작,3. 기지국장치별 기능 및 절체시험,6M,
열차무선(TRS-TETRA) 중계기지국장치,동작,"4. RU, BDA 함체 FAN 동작상태",6M,
열차무선(TRS-TETRA) 중계기지국장치,계측,1. BR 수신부(1-4) 감도 (<-115dBm@4%BER),1Y,
열차무선(TRS-TETRA) 중계기지국장치,계측,2. BR 송신부(1-4) RF출력(10~50W),1Y,
열차무선(TRS-TETRA) 중계기지국장치,계측,3. BR 송신부(1-4) 반사출력(1-3W),1Y,
열차무선(TRS-TETRA) 중계기지국장치,계측,4. BR 송신부(1~4) 주파수 정확도(±2.5PPM),1Y,
열차무선(TRS-TETRA) 중계기지국장치,계측,5. 안테나 접지저항 측정,1Y,
열차무선(TRS-TETRA) 중계기지국장치,계측,"6. MU UP-Link, Down-Link신호(0dBm/0dBm max)",1Y,
열차무선(TRS-TETRA) 중계기지국장치,계측,7. RU(BDA) RF 출력(2W),1Y,
열차무선(TRS-TETRA) 중계기지국장치,계측,"8. RU(BDA) RF Gain UP-Link,Down-Link신호(20-60dB/15-45dB)",1Y,
열차무선(TRS-TETRA) 중계기지국장치,계측,9. 누설동축케이블 전계강도 측정,1Y,
열차무선(TRS-TETRA) 중계기지국장치,계측,10. 스프리어스 측정,1Y,
열차무선(TRS-TETRA) 역용기지국,상태,1. 각종표시부동작상태 ,6M,
열차무선(TRS-TETRA) 역용기지국,상태,2. 안테나 및 각종 배선 접속 상태,6M,
열차무선(TRS-TETRA) 역용기지국,동작,1. 송ㆍ수신 통화 및 마이크 동작상태,6M,
열차무선(TRS-TETRA) 역용기지국,계측,1. 수신부 감도(<-112dBm),6M,
열차무선(TRS-TETRA) 역용기지국,계측,2. 송신부 RF출력(3W),6M,
열차무선(TRS-TETRA) 역용기지국,계측,3. 송신부 반사출력(<1W),6M,
열차무선(TRS-TETRA) 역용기지국,계측,4. 송신부 주파수 정확도(±2.5PPM),6M,
열차무선(TRS-TETRA) 역용기지국,계측,5. 스프리어스 측정,6M,
이동국(TRS-TETRA) (휴대국포함),상태,"1. 송ㆍ수신통화 및 표시부, 안테나상태",1Y,
이동국(TRS-TETRA) (휴대국포함),상태,2. 컨트롤헤드 및 절체스위치 동작상태(이동국),1Y,
이동국(TRS-TETRA) (휴대국포함),상태,3. GPS 장치 동작 상태(이동국),1Y,
이동국(TRS-TETRA) (휴대국포함),상태,4. 서브랙 장치별 동작상태(이동국),1Y,
이동국(TRS-TETRA) (휴대국포함),동작,1. 송ㆍ수신 통화 및 마이크 동작상태,1Y,
이동국(TRS-TETRA) (휴대국포함),계측,1. 수신부 감도(<-112dBm),1Y,
이동국(TRS-TETRA) (휴대국포함),계측,"2. 송신부 RF출력(3W),휴대국은 1W(-50∼+20%)",1Y,
이동국(TRS-TETRA) (휴대국포함),계측,3. 송신부 반사출력(<1W),1Y,
이동국(TRS-TETRA) (휴대국포함),계측,4. 송신부 주파수 정확도(±2.5PPM),1Y,
열차무선(VHF) 중앙제어설비,상태,1. 각종 케이블 및 커넥타 접속상태,1M,
열차무선(VHF) 중앙제어설비,상태,2. 각종 모듈 및 LED점등 상태,1M,
열차무선(VHF) 중앙제어설비,상태,3. 시스템 관리장치 상태,1M,
열차무선(VHF) 중앙제어설비,상태,4. 녹음 상태,1M,
열차무선(VHF) 중앙제어설비,동작,1. 주제어장치 기능 및 연동 절체시험,6M,
열차무선(VHF) 중앙제어설비,동작,"2. 라우터, 랜스위치 기능 및 절체시험",6M,
열차무선(VHF) 중앙제어설비,동작,3. 이중화부 절체시험 및 DB백업,6M,
열차무선(VHF) 중앙제어설비,계측,"1. 절연 및 접지저항 측정(단, 접지저항 년1회)",6M,
열차무선전화(VHF) 기지국 ,상태,1. 송신 및 채널램프의 점등상태 양부,3M,
열차무선전화(VHF) 기지국 ,상태,"2. 짹, 플러그, 손잡이의 손상여부",3M,
열차무선전화(VHF) 기지국 ,상태,"3. 채널스위치, 볼륨 스위치의 상태",3M,
열차무선전화(VHF) 기지국 ,상태,4. 코드 및 플러그의 손상여부,3M,
열차무선전화(VHF) 기지국 ,상태,5. 안테나 급전선 및 각종 배관배선 접속 손상여부,3M,
열차무선전화(VHF) 기지국 ,상태,6. 정격휴즈의 삽입여부,3M,
열차무선전화(VHF) 기지국 ,상태,"7. 무선송,수신기 및 기기함 접지접속 상태",3M,
열차무선전화(VHF) 기지국 ,상태,8. 녹음상태,3M,
열차무선전화(VHF) 기지국 ,동작,1. 송수신 통화(수신음량적정) 및 마이크 동작상태,3M,
열차무선전화(VHF) 기지국 ,동작,2. 스켈치의 동작상태(감청수신기 포함),3M,
열차무선전화(VHF) 기지국 ,동작,3. 감청수신기 동작 상태 ,3M,
열차무선전화(VHF) 기지국 ,동작,4. 감청수신기 절체기 동작상태,3M,
열차무선전화(VHF) 기지국 ,동작,5. 이중화부 절체시험(수도권 지하구간 한),3M,
열차무선전화(VHF) 기지국 ,동작,6. 광중계장치(채널전환장치) 동작상태(수도권 지하구간 한),3M,
열차무선전화(VHF) 기지국 ,계측,"1. 송신출력 측정(상한20%, 하한50%이내)",1Y,
열차무선전화(VHF) 기지국 ,계측,"2. 송신주파수 측정(6/1,000,000㎐이하)",1Y,
열차무선전화(VHF) 기지국 ,계측,"3. 최대주파수편이 측정(협:±2.5㎑이내, 광:±5㎑이내)",1Y,
열차무선전화(VHF) 기지국 ,계측,4. 수신감도 측정(감도0.5㎶이하),1Y,
열차무선전화(VHF) 기지국 ,계측,5. 안테나 복사 대 반사전력 측정(VSWR 2:1이하),1Y,
열차무선전화(VHF) 기지국 ,계측,"6. 절연 및 접지저항 측정 - 접지저항 : 철탑20Ω이하, 기기접지 : 20Ω이하, 철탑 및 기기합성저항:10Ω, 절연저항 : 1㏁이상",1Y,
열차무선전화(VHF) 터널 무선중계장치,상태,1. 송신 및 채널램프의 점등상태 양부,1M,
열차무선전화(VHF) 터널 무선중계장치,상태,"2. 짹, 플러그, 손잡이의 손상여부",1M,
열차무선전화(VHF) 터널 무선중계장치,상태,"3. 채널스위치, 볼륨 스위치의 상태",1M,
열차무선전화(VHF) 터널 무선중계장치,상태,4. 코드 및 플러그의 손상여부,1M,
열차무선전화(VHF) 터널 무선중계장치,상태,5. 안테나 급전선 및 각종 배관배선 접속 손상여부,1M,
열차무선전화(VHF) 터널 무선중계장치,상태,6. 정격휴즈의 삽입여부,1M,
열차무선전화(VHF) 터널 무선중계장치,상태,7. 무선송·수신기 및 기기함 접지 접속 상태,1M,
열차무선전화(VHF) 터널 무선중계장치,상태,8. 녹음상태,1M,
열차무선전화(VHF) 터널 무선중계장치,동작,1. 송·수신 통화(수신음량적정) 및 마이크 동작상태,1M,
열차무선전화(VHF) 터널 무선중계장치,동작,2. 스켈치의 동작상태(감청수신기 포함),1M,
열차무선전화(VHF) 터널 무선중계장치,동작,3. 감청수신기 동작 상태 ,1M,
열차무선전화(VHF) 터널 무선중계장치,동작,4. 감청수신기 절체기 동작상태,1M,
열차무선전화(VHF) 터널 무선중계장치,동작,5. RU/BDA 동작상태,1M,
열차무선전화(VHF) 터널 무선중계장치,동작,6. 이중화부 절체시험,6M,
열차무선전화(VHF) 터널 무선중계장치,동작,7. 함체 FAN 동작 상태,6M,
열차무선전화(VHF) 터널 무선중계장치,계측,"1. 송신출력 측정(상한20%, 하한50%이내)",1Y,
열차무선전화(VHF) 터널 무선중계장치,계측,"2. 송신주파수 측정(6/1,000,000㎐이하)",1Y,
열차무선전화(VHF) 터널 무선중계장치,계측,"3. 최대주파수편이 측정(협대역:±2.5㎑이내, 광대역:±5㎑이내)",1Y,
열차무선전화(VHF) 터널 무선중계장치,계측,4. 수신감도 측정(감도0.5㎶이하),1Y,
열차무선전화(VHF) 터널 무선중계장치,계측,5. 안테나 복사 대 반사전력 측정(VSWR 2:1이하),1Y,
열차무선전화(VHF) 터널 무선중계장치,계측,"6. 절연 및 접지저항측정 (접지저항 : 철탑20Ω이하,기기접지 : 20Ω이하,철탑 및 기기합성저항:10Ω,절연저항 : 1㏁이상)",1Y,
열차무선전화(VHF) 터널 무선중계장치,계측,7. 누설동축케이블 전계강도 측정,1Y,
열차무선전화(VHF) 터널 무선중계장치,계측,8. 스프리어스 측정,1Y,
열차무선전화(VHF)이동국 ,상태,"1. 무선기기(플러그, 마이크, 스위치 등) 상태",1M,
열차무선전화(VHF)이동국 ,상태,"2. 안테나, 급전선 및 각종 배관배선 접속, 손상여부",1M,
열차무선전화(VHF)이동국 ,상태,3. 전원전압 및 휴즈상태,1M,
열차무선전화(VHF)이동국 ,상태,4. 상시전원장치 취부 및 케이블 접속상태,6M,
열차무선전화(VHF)이동국 ,상태,5. 상시전원장치 상태표시램프 동작상태,6M,
열차무선전화(VHF)이동국 ,동작,1. 송·수신 통화(수신음량적정) 및 PTT 동작상태,1M,
열차무선전화(VHF)이동국 ,동작,2. 스켈치의 동작상태(감청수신기 포함),1M,
열차무선전화(VHF)이동국 ,동작,3. 감청수신기 동작 상태 ,1M,
열차무선전화(VHF)이동국 ,동작,4. 감청수신기 절체기 동작상태 ,1M,
열차무선전화(VHF)이동국 ,계측,"1. 송신출력 측정(상한20%, 하한50%이내)",1Y,
열차무선전화(VHF)이동국 ,계측,"2. 송신주파수 측정(6/1,000,000㎐이하)",1Y,
열차무선전화(VHF)이동국 ,계측,"3. 최대주파수편이 측정(협대역:±2.5㎑이내, 광대역:±5㎑이내)",1Y,
열차무선전화(VHF)이동국 ,계측,4. 수신감도 측정(감도0.5㎶이하),1Y,
열차무선전화(VHF)이동국 ,계측,5. 안테나 복사 대 반사전력 측정(VSWR 2:1이하),1Y,
열차무선전화(VHF)이동국 ,계측,6. 상시전원장치 BMS 측정값 점검 및 데이터 백업(S/W 활용),1Y,
열차무선전화(VHF)이동국 ,계측,7. 상시전원장치 입·출력전압(전류) 및 축전지 전압 측정,1Y,
열차무선전화(VHF) 휴대국,상태,"1. 무선기기(플러그, 마이크, 스위치 등), 안테나상태",1Y,
열차무선전화(VHF) 휴대국,동작,1. 송·수신 통화(수신음량적정),1Y,
열차무선전화(VHF) 휴대국,동작,2. 스켈치의 동작상태,1Y,
열차무선전화(VHF) 휴대국,동작,"3. 휴대국 충전기 충전전압, 전류,램프 점등 상태 및 배터리 상태",1Y,
열차무선전화(VHF) 휴대국,계측,"1. 송신출력 측정(상한20%, 하한50%이내)",1Y,
열차무선전화(VHF) 휴대국,계측,"2. 송신주파수 측정(6/1,000,000㎐이하)",1Y,
열차무선전화(VHF) 휴대국,계측,"3. 최대주파수편이 측정(협대역:±2.5㎑이내, 광대역:±5㎑이내)",1Y,
열차무선전화(VHF) 휴대국,계측,4. 수신감도 측정(감도0.5㎶이하),1Y,
열차무선 방호장치,상태,"1. 상황버튼 보호캡 및 안테나, 케이블 상태",1M,
열차무선 방호장치,상태,2. 방호입력 전압 및 전류의 적정여부,1M,
열차무선 방호장치,상태,3. 방호출력 전압 및 전류의 적정여부,1M,
열차무선 방호장치,상태,4. LCD표시기의 표출상태,1M,
열차무선 방호장치,상태,"5. 상황발생램프, 해제램프, 조치램프의 동작상태",1M,
열차무선 방호장치,상태,6. NFB스위치 동작상태,1M,
열차무선 방호장치,동작,1. 방호상황발생 수신상태,6M,
열차무선 방호장치,동작,2. 방호해제신호 수신상태,6M,
열차무선 방호장치,동작,3. CPU자동복구 기능상태,6M,
열차무선 방호장치,동작,4. 감시제어 기능상태,6M,
열차무선 방호장치,동작,5. 방호상황 저장내용 및 저장 용량상태,6M,
열차무선 방호장치,동작,6. 방호데이터 분석 기능상태,6M,
열차무선 방호장치,동작,7. 데이터 자동복원 기능상태,6M,
열차무선 방호장치,동작,8. 방호상황 송출시 경보음 발생(10초) 해제램프 상태,6M,
열차무선 방호장치,동작,9. 각종 경보음 기능상태,6M,
열차무선 방호장치,동작,10. 방호 앰프 및 스피커 출력상태,6M,
열차무선 방호장치,동작,11. 전원공급 해제시위치 3초이상 작동시 동작상태,6M,
열차무선 방호장치,동작,12. 자기진단시 해당램프 점등 및 LCD표시상태,6M,
열차무선 방호장치,동작,13. 비상제동 체결상태,6M,
열차무선 방호장치,계측,"1. 송신출력 측정(상한 20%, 하한50%이내)",1Y,
열차무선 방호장치,계측,"2. 송신주파수 측정(3/1,000,000㎐이하)",1Y,
열차무선방호 자동점검중앙장치,상태,1. 중앙장치∼점검장치간 데이터 전송 및 log 저장상태,6M,
열차무선방호 자동점검중앙장치,상태,2. 응용프로그램 메뉴별 동작상태,6M,
열차무선방호 자동점검중앙장치,상태,3. 열차운행정보(XROIS) 데이터 수신 상태,6M,
열차무선방호 자동점검장치,상태,"1. 안테나, 케이블 상태",6M,
열차무선방호 자동점검장치,상태,2. 열차무선방호 각 장치의 데이터 전송 및 log 저장상태,6M,
열차무선방호 자동점검장치,상태,3. 응용프로그램 메뉴별 동작상태,6M,
열차무선방호 자동점검장치,계측,"1. 송신출력 측정(상한 20%, 하한50%이내)",1Y,
열차무선방호 자동점검장치,계측,"2. 송신주파수 측정(3/1,000,000㎐이하)",1Y,
열차무선방호 중계장치,상태,"1. 안테나, 케이블 상태",6M,
열차무선방호 중계장치,상태,2. 방호중계장치 log 저장상태,6M,
열차무선방호 중계장치,상태,"3. 자기진단기능 및 램프, 표시부(LCD) 상태",6M,
열차무선방호 중계장치,상태,4. 함체 FAN 동작 상태,6M,
열차무선방호 중계장치,계측,"1. 송신출력 측정(상한 20%, 하한50%이내)",1Y,
열차무선방호 중계장치,계측,"2. 송신주파수 측정(3/1,000,000㎐이하)",1Y,
로컬관제실 열차무선방호장치,상태,"1. 안테나, 케이블 상태",6M,
로컬관제실 열차무선방호장치,상태,2. 방호장치 log 저장상태,6M,
로컬관제실 열차무선방호장치,상태,"3. 자기진단기능 및 램프, 표시부(LCD) 상태",6M,
로컬관제실 열차무선방호장치,상태,4. 자동점검장치간 데이터 전송 및 log 저장상태,6M,
로컬관제실 열차무선방호장치,계측,"1. 송신출력 측정(상한 20%, 하한50%이내)",1Y,
로컬관제실 열차무선방호장치,계측,"2. 송신주파수 측정(3/1,000,000㎐이하)",1Y,
재난방송설비(FM/DMB),상태,"1. 각종 모듈 및 케이블, 커넥터 상태",6M,
재난방송설비(FM/DMB),상태,2. 안테나 및 채널별 통신상태,6M,
재난방송설비(FM/DMB),상태,3. 이중화부 절체시험,6M,
재난방송설비(FM/DMB),상태,4. 함체 FAN 동작 상태,6M,
재난방송설비(FM/DMB),계측,1. 수신안테나 인입 신호 측정,1Y,
재난방송설비(FM/DMB),계측,2. 누설동축케이블 전계강도 측정,1Y,
중앙전산설비,상태,1. 청소 및 손상 유무,1M,
중앙전산설비,상태,"2. 각종 모듈 및 기기 상태(잠금장치,FAN 포함)",1M,
중앙전산설비,상태,"3. 접지선, 전원 및 각종 케이블, 기기 접속(연결)상태",1M,
중앙전산설비,상태,"4. CPU, 메모리, 하드디스크 및 각종 부속장치기능(각 전산기 본체 및 콘솔)",1M,
중앙전산설비,상태,"5. SAN 스위치, 라우터, CSU 동작 상태",1M,
중앙전산설비,상태,6. 중앙전산기(통신제어전산기) 간 전송상태,1M,
중앙전산설비,상태,"7. 중앙전산기(통신제어전산기)와 운영전산기, 유지보수전산기간 전송상태 ",1M,
중앙전산설비,상태,8. 각종 프로세서별 상태점검,1M,
중앙전산설비,상태,9. 운영 S/W 및 각 설비별 펌웨어 버전 확인,1M,
중앙전산설비,상태,10. 통합저장장치 가용 용량 상태 확인,1M,
중앙전산설비,상태,"11. OWS,MWS보고서조회기능상태 ",1M,
중앙전산설비,동작(S/W 운영포함),1. Database 백업파일 생성 기능시혐,1M,
중앙전산설비,동작(S/W 운영포함),2. 각 전산기별 응용프로그램 메뉴별 동작시험,1M,
중앙전산설비,동작(S/W 운영포함),3. 이중화부 절체시험,1Y,
중앙전산설비,계측,1. 역단위전산기 등 데이터 수신율,1M,
중앙전산설비,계측,2. 삭제,1M,
중앙전산설비,계측,3. 접지저항 측정,1Y,
통합역단위 전산기,상태,1. 청소 및 손상 유무,3M,
통합역단위 전산기,상태,"2. 각종 모듈 및 기기 상태(잠금장치,FAN 포함)",3M,
통합역단위 전산기,상태,"3. 접지선, 전원 및 각종 케이블, 기기접속(연결) 상태",3M,
통합역단위 전산기,상태,"4. 라우터, 스위치 및 CSU 상태점검 ",3M,
통합역단위 전산기,상태,5. 통신제어전산기와 역단위전산기간 전송상태,3M,
통합역단위 전산기,상태,6. 역단위전산기와 각 장비간 전송상태 ,3M,
통합역단위 전산기,상태,7. 응용프로그램 메뉴별 동작상태,1Y,
통합역단위 전산기,상태,"8. 운영정보 버전확인 및 B/L, P/L 송수신 상태 점검",3M,
통합역단위 전산기,상태,9. 삭제,3M,
통합역단위 전산기,동작(S/W 운영포함),"1. CPU, 메모리, 하드디스크 및 부속장치 기능 ",1Y,
통합역단위 전산기,계측(S/W),1. UPS 입·출력전압(전류) 및 배터리 전압 측정,3M,
통합역단위 전산기,계측(S/W),2. 접지저항 측정,1Y,
교통카드 발행기,상태,1. 청소 및 손상 유무,1M,
교통카드 발행기,상태,"2. 각종 모듈 및 기기 상태(잠금장치,FAN 포함)",1M,
교통카드 발행기,상태,"3. 접지선, 전원 및 Data케이블 접속상태",1M,
교통카드 발행기,상태,4. 각 부속장치간 통신상태 점검,1M,
교통카드 발행기,동작(S/W 운영포함),"1. CPU, 메모리, 하드디스크 및 부속장치 기능",1M,
교통카드 발행기,동작(S/W 운영포함),"2. 각종 모터, 센서, 스위치 기능상태 점검",1M,
교통카드 발행기,동작(S/W 운영포함),3. 1회용 교통카드 발행시험(자동발권기 판독시험),1M,
교통카드 발행기,동작(S/W 운영포함),4. 각종 정보표출장치 기능상태,1M,
교통카드 발행기,동작(S/W 운영포함),5. 자동온도조절기 및 히터동작(11월~3월) 상태,1M,
교통카드 발행기,동작(S/W 운영포함),6. 프린터 기능 점검,1M,
교통카드 발행기,동작(S/W 운영포함),7. 운영 S/W 및 부속장치 펌웨어 버전 확인,1M,
교통카드 발행기,계측(S/W),1. UPS 입·출력전압(전류) 및 배터리 전압 측정,1Y,
교통카드 발행기,계측(S/W),2. 접지저항 측정,1Y,
자동발권기,상태,1. 청소 및 손상 유무,1M,
자동발권기,상태,"2. 각종 모듈 및 기기 상태(잠금장치,FAN 포함)",1M,
자동발권기,상태,"3. 접지선, 전원 및 Data케이블 접속상태 ",1M,
자동발권기,상태,4. 역단위전산기 및 각 부속장치간 통신상태 점검,1M,
자동발권기,동작(S/W 운영포함),"1. 각종 모터, 솔레노이드 및 셔터기능 상태",1M,
자동발권기,동작(S/W 운영포함),"2. 각종 센서, 마이크로 스위치 기능 상태",1M,
자동발권기,동작(S/W 운영포함),"4. CPU 및 메모리, HDD, SAM모듈 상태",1M,
자동발권기,동작(S/W 운영포함),5. 각종 정보표출장치 기능상태,1M,
자동발권기,동작(S/W 운영포함),6. 자동온도조절기 및 히터동작(11월~3월) 상태,1M,
자동발권기,동작(S/W 운영포함),7. 프린터 및 기능상태,1M,
자동발권기,동작(S/W 운영포함),8. 1회용 교통카드 발권 시험,1M,
자동발권기,동작(S/W 운영포함),9. 운영 S/W 및 부속장치 펌웨어 버전 확인,1M,
자동발권기,계측(S/W),1. UPS 입·출력전압(전류) 및 배터리 전압 측정,1Y,
자동발권기,계측(S/W),2. 접지저항 측정,1Y,
1회용발매 교통카드 충전기,상태,1. 청소 및 손상 유무,1M,
1회용발매 교통카드 충전기,상태,"2. 각종 모듈 및 기기 상태(잠금장치,FAN 포함)",1M,
1회용발매 교통카드 충전기,상태,"3. 접지선, 전원 및 Data케이블 접속상태 ",1M,
1회용발매 교통카드 충전기,상태,4. 각종 정보표출장치 기능 상태,1M,
1회용발매 교통카드 충전기,상태,5. 역단위전산기 및 각 부속장치간 통신상태 점검,1M,
1회용발매 교통카드 충전기,동작(S/W포함),"1. 각종 모터, 솔레노이드 및 셔터기능상태",1M,
1회용발매 교통카드 충전기,동작(S/W포함),"2. 각종 센서, 마이크로스위치 기능상태",1M,
1회용발매 교통카드 충전기,동작(S/W포함),"4. 각종 버튼 및 인터폰, 카메라 기능시험",1M,
1회용발매 교통카드 충전기,동작(S/W포함),5. 부저 울림 기능시험,1M,
1회용발매 교통카드 충전기,동작(S/W포함),"6. 동전, 지폐 감지 및 방출 기능시험",1M,
1회용발매 교통카드 충전기,동작(S/W포함),7. 신분증 인식 기능시험,1M,
1회용발매 교통카드 충전기,동작(S/W포함),8. 자동온도조절기 및 히터동작(11월~3월) 상태,1M,
1회용발매 교통카드 충전기,동작(S/W포함),"9. CPU, 메모리 및 SAM모듈 상태",1M,
1회용발매 교통카드 충전기,동작(S/W포함),10. 프린터 기능상태,1M,
1회용발매 교통카드 충전기,동작(S/W포함),11. 모니터 표출 및 터치 기능시험,1M,
1회용발매 교통카드 충전기,동작(S/W포함),12. 1회용 교통카드 발매 시험,1M,
1회용발매 교통카드 충전기,동작(S/W포함),13. 충전모듈 기능시험,1M,
1회용발매 교통카드 충전기,동작(S/W포함),14. 운영 S/W 및 부속장치 펌웨어 버전 확인,1M,
1회용발매 교통카드 충전기,계측(S/W),1. UPS 입·출력전압(전류) 및 배터리 전압 측정,1Y,
1회용발매 교통카드 충전기,계측(S/W),2. 접지저항 측정,1Y,
교통카드 정산충전기,상태,1. 청소 및 손상 유무,1M,
교통카드 정산충전기,상태,"2. 각종 모듈 및 기기 상태(잠금장치,FAN 포함)",1M,
교통카드 정산충전기,상태,"3. 접지선, 전원 및 Data케이블 접속상태 ",1M,
교통카드 정산충전기,상태,4. 각종 정보표출장치 기능 상태,1M,
교통카드 정산충전기,상태,5. 역단위통합전산기 및 각 부속장치간 통신상태 점검,1M,
교통카드 정산충전기,동작(S/W운영포함),"1. 각종 모터, 센서, 스위치 기능 점검",1M,
교통카드 정산충전기,동작(S/W운영포함),"2. 각종 버튼 및 인터폰, 카메라, 부저 기능시험",1M,
교통카드 정산충전기,동작(S/W운영포함),"3. 동전, 지폐 감지 및 방출 기능시험",1M,
교통카드 정산충전기,동작(S/W운영포함),4. 자동온도조절기 및 히터동작(11월~3월) 상태,1M,
교통카드 정산충전기,동작(S/W운영포함),"5. CPU 및 메모리, SAM모듈 상태 ",1M,
교통카드 정산충전기,동작(S/W운영포함),6. 프린터 기능 점검,1M,
교통카드 정산충전기,동작(S/W운영포함),7. 모니터 표출 및 터치 기능시험,1Y,
교통카드 정산충전기,동작(S/W운영포함),8. 충전모듈 기능시험,1M,
교통카드 정산충전기,동작(S/W운영포함),9. 운영 S/W 및 부속장치 펌웨어 버전 확인,1M,
교통카드 정산충전기,계측,접지저항 측정,1Y,
보증금 환급기,상태,1. 청소 및 손상 유무,1M,
보증금 환급기,상태,"2. 각종 모듈 및 기기 상태(잠금장치,FAN 포함)",1M,
보증금 환급기,상태,"3. 접지선, 전원 및 Data케이블 접속상태 ",1M,
보증금 환급기,상태,4. 각종 정보표출장치 기능 상태,1M,
보증금 환급기,상태,5. 역단위통합전산기 및 각 부속장치간 통신상태,1M,
보증금 환급기,동작(S/W운영포함),"1. 각종 모터, 센서, 스위치 기능 상태 점검",1M,
보증금 환급기,동작(S/W운영포함),"2. 각종 버튼 및 인터폰, 카메라, 부저 기능시험",1M,
보증금 환급기,동작(S/W운영포함),3. 동전 방출 기능시험,1M,
보증금 환급기,동작(S/W운영포함),4. 자동온도조절기 및 히터동작(11월~3월) 상태,1M,
보증금 환급기,동작(S/W운영포함),"5. CPU 및 메모리, SAM모듈 상태 ",1M,
보증금 환급기,동작(S/W운영포함),6. 프린터 기능 점검,1M,
보증금 환급기,동작(S/W운영포함),7. 운영 S/W 및 부속장치 펌웨어 버전 확인,1M,
보증금 환급기,동작(S/W운영포함),8. 교통카드 회수시험,1M,
보증금 환급기,계측,1. 접지저항 측정,1Y,
자동개·집표기,상태,1. 청소 및 손상 유무,1M,
자동개·집표기,상태,"2. 각종 모듈 및 기기 상태(잠금장치,FAN 포함)",1M,
자동개·집표기,상태,"3. 접지선, 전원 및 Data케이블 접속상태",1M,
자동개·집표기,상태,4. RF 단말기 및 안테나 고정상태 ,1M,
자동개·집표기,상태,5. I/O 및 결선상태 ,1M,
자동개·집표기,상태,6. 역단위전산기와 개집표기간 통신상태 ,1M,
자동개·집표기,동작(S/W운영포함),"1. 각종 센서, 솔레노이드, 셔터, 모터 및 마이크로스위치 기능상태",1M,
자동개·집표기,동작(S/W운영포함),2. 각종 안내표시장치 기능상태,1M,
자동개·집표기,동작(S/W운영포함),"3. CPU, 메모리 및 SAM 모듈상태",1M,
자동개·집표기,동작(S/W운영포함),4. 삭제,1M,
자동개·집표기,동작(S/W운영포함),5. 알람 기능 상태,1M,
자동개·집표기,동작(S/W운영포함),6. 플랩 또는 삼발이 동작상태,1M,
자동개·집표기,동작(S/W운영포함),7. 태그시험,1M,
자동개·집표기,동작(S/W운영포함),"8. 승객감지센서, 방향표시기, 표시램프 기능상태",1Y,
자동개·집표기,동작(S/W운영포함),9. 자동화재탐지설비와의 연계동작 상태,1Y,
자동개·집표기,계측(S/W),1. 배터리 전압 측정,1Y,
자동개·집표기,계측(S/W),2. 교통카드 자기장 세기 측정,1Y,
자동개·집표기,계측(S/W),3. 접지저항 측정,1Y,
무인충전기(휴대용 정산기포함),상태,"1. 접지선, 전원 및 Data케이블 접속상태 ",3M,
무인충전기(휴대용 정산기포함),상태,2. 승객정보표시기 표시상태,3M,
무인충전기(휴대용 정산기포함),상태,3. 각 부속장치간 통신상태 ,3M,
무인충전기(휴대용 정산기포함),동작(S/W운영포함),"1. CPU, 메모리 및 SAM 모듈상태",3M,
무인충전기(휴대용 정산기포함),동작(S/W운영포함),"2. Key Pad, LCD 동작 상태 ",3M,
무인충전기(휴대용 정산기포함),동작(S/W운영포함),3. 프린터 및 영수증 인쇄상태,3M,
무인충전기(휴대용 정산기포함),동작(S/W운영포함),4. 동전 및 지폐처리장치 상태(무인충전기),3M,
무인충전기(휴대용 정산기포함),계측(S/W),1. 교통카드 인식거리 ,1Y,
무인충전기(휴대용 정산기포함),계측(S/W),2. UPS 입·출력전압(전류) 및 배터리 전압 측정,1Y,
무인충전기(휴대용 정산기포함),계측(S/W),3. 접지저항 측정,1Y,
비상게이트 통화장치,상태,"1. 접지선, 전원 및 Data케이블 접속상태",3M,
비상게이트 통화장치,상태,"2. 외관, 청소 및 쇄정상태",3M,
비상게이트 통화장치,동작(S/W운영포함),"1. 모장치, 자장치 작동 및 통화상태",3M,
비상게이트 통화장치,동작(S/W운영포함),2. 자동화재탐지설비와의 연계동작 상태,1Y,
비상게이트 통화장치,계측,2. 교통카드 자기장 세기 측정,1Y,
비상게이트 통화장치,계측,3. 접지저항 측정,1Y,
화폐(지폐) 교환기,상태,1. 청소 및 외관 손상 유무,3M,
화폐(지폐) 교환기,상태,"2. 각종 모듈 및 기기 상태(잠금장치,FAN 포함)",3M,
화폐(지폐) 교환기,상태,"3. 접지선, 전원 및 Data케이블 접속상태 ",3M,
화폐(지폐) 교환기,상태,4. 각 부속장치간 통신상태 점검,3M,
화폐(지폐) 교환기,동작(S/W포함),1. 지폐처리장치 기능시험,3M,
화폐(지폐) 교환기,동작(S/W포함),2. 정산프린터 기능시험,3M,
화폐(지폐) 교환기,동작(S/W포함),3. 제어 유니트 기능시험,3M,
화폐(지폐) 교환기,계측,1. UPS 입·출력전압(전류) 및 배터리 전압 측정,1Y,
화폐(지폐) 교환기,계측,2. 접지저항 측정,1Y,
교환설비,상태,1. 외관(카드 및 커넥터 접속상태 등) 및 경보패널 상태(LED포함),1M,
교환설비,상태,2. 시스템 전원점검,1M,
교환설비,상태,3. Clock 동기 상태 점검,1M,
교환설비,상태,"4. 시스템 데이터베이스(가입자, 중계선, 설정) 상태",1M,
교환설비,상태,"5. Network 장비(IP폰, VoIP등) 동작 상태점검",3M,
교환설비,상태,"6. 부가장비(ARS, 녹취서버 등) 동작 상태점검",3M,
교환설비,"동작,시험",1. 서버(CPU) 등 이중화부 절체 시험,3M,
교환설비,"동작,시험",2. 중계선 시험,3M,
교환설비,"동작,시험",3. 가입자 회선 시험,3M,
교환설비,"동작,시험",4. 각 부 공급전압 측정,3M,
교환설비,"동작,시험",5. Data Base Back-Up,3M,
관제전화설비,상태,1. 외관(카드 및 커넥터 접속상태 등) 및 각부 표시램프(경보패널) 점검,1M,
관제전화설비,상태,2. 각 I/O 장치 기능 점검,1M,
관제전화설비,상태,3. 녹음기능 점검,1M,
관제전화설비,상태,4. 이중화부 기능점검,1M,
관제전화설비,상태,5. 분배장치 기능점검,1M,
관제전화설비,동작,1. 서버(CPU) 등 이중화부 절체 시험,3M,
관제전화설비,동작,2. 모(운영)장치~자장치간 호출시험(통화양부),1M,
관제전화설비,동작,"3. Data Base Back-Up(서버, 분배장치)",3M,
영상감시설비,상태,1. 모니터 화면 청결상태,1M,
영상감시설비,상태,2. 카메라 렌즈 청결상태,1M,
영상감시설비,상태,"3. 카메라 하우징(Pole 포함), 각종 케이블, 전원케이블 연결 및 취부상태",1M,
영상감시설비,상태,4. 영상 전송/처리/저장장치 연결 및 취부상태,1M,
영상감시설비,상태,5. 선로변 함체 FAN 점검,6M,
영상감시설비,상태,6. 통신케이블 접속상태 이상 유무,3M,
영상감시설비,동작,1. 영상 전송/처리/저장장치 등 콘솔 기능점검,6M,
영상감시설비,동작,2. 전원분배기 등 부대장치 기능점검,6M,
영상감시설비,동작,3. 카메라초점 및 휘도 점검,6M,
영상감시설비,동작,4. Pan/Tilt 동작 점검,6M,
영상감시설비,동작,5. 자동화재탐지설비와의 연동된 CCTV 연계 동작상태(광역 지하역사 限),1Y,
영상회의설비,상태,"1. 본사∼각 소속간 영상, 음질 상태 점검",1W,
영상회의설비,상태,"2. 라우터, 코덱, MIC컨트롤러 등 부가설비 동작 점검",1W,
영상회의설비,상태,3. 카메라 초점 및 휘도 상태 점검,1W,
영상회의설비,상태,4. 카메라 프리셋 기능 점검,1W,
여객 안내설비,상태,"1. 장비외관 및 청소상태 점검(HSE, LSE, TIDS, 운용단말 등)",1M,
여객 안내설비,상태,2. 장비간 연결배선 및 Network 장비 상태 점검,1M,
여객 안내설비,상태,"3. 표시기 취부상태, 이완여부 점검",1M,
여객 안내설비,상태,"4. 표시기 안내정보 표출상태 점검(시각, 각종 홍보문구 등) ",1M,
여객 안내설비,동작,1. 열차운행정보 데이터 수신시험(CTC∼HSE∼LSE∼표시기간),6M,
여객 안내설비,동작,2. 표시기 모듈상태 시험(색상포함),1M,
여객 안내설비,동작,3. 이중화부 절체시험,6M,
승강장 동적호차 표시기,상태,"1. 장비외관 및 청소상태 점검(운용PC, 중계기, 표시기 등)",3M,
승강장 동적호차 표시기,상태,2. 장비간 연결배선 및 통신 상태 점검,3M,
승강장 동적호차 표시기,상태,"3. 무선중계기, 표시기 취부상태 및 이완여부 점검",3M,
승강장 동적호차 표시기,상태,4. 표시기 표출상태 점검 ,3M,
승강장 동적호차 표시기,상태,5. 운용자 프로그램 점검(UI 및 호차등록 등),3M,
승강장 동적호차 표시기,동작,1. 열차운행정보 데이터 수신시험,6M,
승강장 동적호차 표시기,동작,2. 호차표시기 제어 시험,6M,
정보통신망 설비,상태 ,1. Gigabit Ethernet Switch 상태,1M,
정보통신망 설비,상태 ,2. Switching HUB 상태 ,1M,
정보통신망 설비,상태 ,3. LAN switch 상태,1M,
정보통신망 설비,상태 ,4. NMS 서버 상태,1M,
네트워크 장치(IP/MPLS),상태,1. 경보 발생상태,3M,
네트워크 장치(IP/MPLS),상태,2. FAN 동작상태,3M,
네트워크 장치(IP/MPLS),동작,1. I/O 모듈 확인,6M,
네트워크 장치(IP/MPLS),동작,"2. 프로토콜 확인(OSPF,BGP,LDP,RSVP,VPN)",6M,
네트워크 장치(IP/MPLS),동작,3. 경보 로그 확인 및 Config 백업,6M,
네트워크 장치(IP/MPLS),동작,"4. 시스템 자원 상태 확인(CPU, 메모리)",6M,
네트워크 장치(IP/MPLS),계측,1. 광 수신 레벨,3M,
네트워크 장치(IP/MPLS),계측,2. 포트별 성능(에러),3M,
방송설비,상태,"1. 방송설비, 원격방송기, 콘솔의 외관 및 손상 상태",1M,
방송설비,상태,2. 방송설비 각종 표시램프 및 계기 상태,1M,
방송설비,상태,3. 내·외부 각종 부대설비간 연결 배선 및 Fan 상태,1M,
방송설비,상태,"4. 스피커 취부상태, 배관 및 배선 상태 ",1M,
방송설비,상태,5. 스피커 음질 및 음량 상태 ,1M,
방송설비,상태,"6. 증폭기별, 회로별 방송 상태 ",1M,
방송설비,동작,1. Mic 입력 및 각종 부대설비 동작 시험,1M,
방송설비,동작,2. 무선설비 연결 및 방송 시험 ,1M,
방송설비,동작,3. 예비 증폭기 절체 및 방송운용시험,1M,
방송설비,동작,4. 삭제,1M,
방송설비,동작,5. 자동화재탐지설비와의 연계동작 상태,1Y,
방송설비,계측,1. AC 및 DC 입력 전원 측정,1Y,
방송설비,계측,"2. 방송설비 절연저항, 접지저항측정 ",1Y,
관제원격 방송설비,상태,"1. 관제방송설비(주장치, 운영장치) 외관점검",1M,
관제원격 방송설비,상태,2. 관제원격방송 자장치 연결 및 방송상태,1M,
관제원격 방송설비,상태,"3. 노선별 일제방송, 그룹방송, 개별방송 상태",1M,
관제원격 방송설비,상태,"4. TTS, 녹음방송 상태",1M,
"전기시계설비(모,자시계)",상태,1. 자시계 조명 및 시각의 정확 여부(시분침 각도 포함) 등,1W,
"전기시계설비(모,자시계)",상태,"2. 자시계 취부, 조명상태, 배관 및 배선상태",1M,
"전기시계설비(모,자시계)",상태,3. 모시계 GPS 상태 ,1M,
"전기시계설비(모,자시계)",동작,1. 모시계 회로별 동작상태 ,1M,
"전기시계설비(모,자시계)",계측,1. 모시계∼자시계 각 회선별 송출 및 도착전압 측정,1M,
음성유도기,상태,1. 음성유도기 취부 및 콘넥터 연결상태,1M,
음성유도기,동작,1. 음성안내 이상유무,1M,
음성유도기,계측,"1. 음성안내 음량 측정(대합실 50dB±5dB, 승강장 70dB±5dB)",1M,
사고장애 통보설비,상태,1. 각종 배선 및 인입회선 연결상태 점검 ,1M,
사고장애 통보설비,동작,1. 문자 정보 전송시험,1M,
통표폐색장치,상태,1. 국부회로 정상 동작 점검,1W,
통표폐색장치,상태,2. 송·수신 동작 전류 점검,1W,
통표폐색장치,상태,3. 통표폐색 회선 점검 등,1W,
배선반 및 구내회선,상태,"1. 단자함, 배선반, 기계대 청결상태",1M,
배선반 및 구내회선,상태,2. 단자판 및 탄기류 점검,1M,
배선반 및 구내회선,상태,3. 점퍼선 및 국내케이블 포선상태 등,1M,
배선반 및 구내회선,상태,"4. 퓨즈, 피뢰기 점검",1M,
배선반 및 구내회선,상태,"5. 인입선, 옥내배선 점검",1M,
배선반 및 구내회선,계측,"1. 구내케이블 도체저항, 절연저항",1Y,
배선반 및 구내회선,계측,2. 접지저항 측정 ,1Y,
광케이블 감시장치,상태,"1. 측정기능(자동, 수동) 상태점검",1M,
광케이블 감시장치,상태,2. 설비별 동작상태 및 각종 배선상태점검,1M,
광케이블 감시장치,상태,"3. 성능 및 측정자료 DB백업(주서버,지역 서버) ",3M,
무인통신실 환경감시장치,상태,1. 외관 및 LED 상태점검,1M,
무인통신실 환경감시장치,상태,2. 센서 및 부가설비 정상동작여부,1M,
무인통신실 환경감시장치,상태,3. 고장정보 표출 상태점검,1M,
무인통신실 환경감시장치,상태,4. 성능 및 측정자료 DB백업(서버) ,3M,
"출입통제, 외곽감시설비",상태 ,1. 경보발생 여부,1M,
"출입통제, 외곽감시설비",상태 ,2. 외곽 감시 프로그램 정상동작 여부,1M,
"출입통제, 외곽감시설비",상태 ,3. 출입문 원격제어 정상동작여부,1M,
"출입통제, 외곽감시설비",상태 ,4. 센서 및 부가설비 정상동작여부,1M,
"출입통제, 외곽감시설비",상태 ,5. 카드리더기 정상 동작 여부,1M,
비상신고 통화장치,상태,1. 자장치 표시상태,1M,
비상신고 통화장치,상태,"2. 자장치 선로, 수신 스피커 상태",1M,
비상신고 통화장치,상태,3. 주장치 선로 혼선 및 단선,1M,
비상신고 통화장치,상태,4. 예비전원의 상태,1M,
비상신고 통화장치,상태,5. 호출 통화 ,1M,
비상신고 통화장치,상태,6. 접지선 연결상태 및 접지상태,1M,
비상신고 통화장치,계측,"1. 주장치 입, 출력 전압",1M,
비상신고 통화장치,계측,"2. 자장치 Line L1, L2통화전압",1M,
장애자 비디오폰,상태,1. 운용장치 청소 상태,1M,
장애자 비디오폰,상태,2. 모니터 화질 점검,1M,
장애자 비디오폰,상태,3. 비디오폰 카메라 렌즈 청소,1M,
장애자 비디오폰,상태,4. 모니터 회선 접속 상태,1M,
장애자 비디오폰,"동작,시험","1. 운용장치 ~ 자장치간 호출, 통화시험 ",1M,
장애자 비디오폰,"동작,시험",2. 운용장치 전화기 감청 기능 상태,1M,
장애자 비디오폰,"동작,시험",3. 운용장치 각종 스위치 기능 상태,1M,
장애자 비디오폰,"동작,시험",4. 운용장치 Time Set 표시상태,1M,
장애자 비디오폰,"동작,시험",5. 운용장치 자동 선택기능,1M,
장애자 비디오폰,"동작,시험",6. 비디오폰 카메라 표시기능,1M,
장애자 비디오폰,"동작,시험","7. 비디오폰 신호 송, 수신 ",1M,
정류기 및 UPS,상태,"1. 각종 계기류(변압기류, 계전기류 등) 기능 및 청소 상태점검",1M,
정류기 및 UPS,상태,2. Alarm 상태 점검,1M,
정류기 및 UPS,상태,3. 서지보호기 외관 및 단자 접속상태(분전함 限),1M,
정류기 및 UPS,동작,"1. 이중화부 동작, 절체시험 ",6M,
정류기 및 UPS,동작,2. 부하분담 확인 및 조정,6M,
정류기 및 UPS,동작,3. UPS바이패스 절체 동작시험,6M,
정류기 및 UPS,동작,4. 실부하 시험,6M,
정류기 및 UPS,계측,1. 입·출력 전압 및 전류측정 ,1Y,
정류기 및 UPS,계측,2. 입력 누설전류 측정,1Y,
축전지,상태,"1. 환경조건의 적합여부(온도, 환기상태)",1M,
축전지,상태,2. 외부 접속 단자의 접속상태,1M,
축전지,상태,3. 부동 충전 전압의 적정성,1M,
축전지,상태,4. 외형 상태 (변형 및 파손 등),1M,
축전지,상태,5. 상태표시등 및 경보상태 점검(원격감시장치 限),3M,
축전지,동작,1. 축전지 절체 시험(이중화 축전지 限),1Y,
축전지,계측,"1. 입ㆍ출력 전압 및 충전전압, 전류측정",3M,
축전지,계측,2. 내부저항 측정,3M,
축전지,계측,3. 방전시험,21Y,
축전지,계측,4. 축전지 비중 측정(무보수형 제외),3M,
승강장확인용 무선영상 전송시스템,상태,1. 휴대단말기를 사용하여 지상IDU 상태점검,1M,
승강장확인용 무선영상 전송시스템,상태,2. 휴대단말기를 사용하여 차상IDU 상태점검,1M,
승강장확인용 무선영상 전송시스템,상태,3. 차상장치 설치 상태점검,1M,
승강장확인용 무선영상 전송시스템,상태,4. 차상장치 케이블 연결 상태점검,1M,
승강장확인용 무선영상 전송시스템,상태,5. 지상 ODU 설치 상태점검,3M,
승강장확인용 무선영상 전송시스템,상태,6. 지상 ODU 케이블 연결 상태점검,3M,
승강장확인용 무선영상 전송시스템,상태,7. 지상 IDU와 지상 ODU간 케이블 점검,3M,
승강장확인용 무선영상 전송시스템,상태,8. 지상 IDU 설치 상태점검,3M,
승강장확인용 무선영상 전송시스템,상태,9. 지상 IDU 케이블 연결 상태점검,3M,
승강장확인용 무선영상 전송시스템,상태,10. 시험장치 기능 상태점검,3M,
승강장확인용 무선영상 전송시스템,상태,11. 시험장치 케이블 연결 상태점검,3M,
승강장확인용 무선영상 전송시스템,상태,12. 유지관리장치 기능 상태점검,3M,
승강장확인용 무선영상 전송시스템,계측,"1. 지상, 차상 ODU 송신출력측정 - 송신출력 +10dBm (상한 20%,하한 50% 이내)",6M,
승강장확인용 무선영상 전송시스템,계측,"2. 지상, 시험장치 ODU 주파수 특성측정 - 송신 : 주파수 19.205~19.255GHz - 수신 : 주파수 18.865~18.915GHz",6M,
승강장확인용 무선영상 전송시스템,계측,"3. 지상, 차상 IDU IF 출력레벨 측정 - 송신출력 +5dBm (상한 20%,하한 50% 이내)",6M,
승강장확인용 무선영상 전송시스템,계측,"4. 지상 IDU IF 주파수 특성측정 - 주파수 240MHz (상한 20%,하한 50% 이내)",6M,
승강장확인용 무선영상 전송시스템,계측,5. 지상 IDU 무정전전원장치 배터리 전압 측정 - DC12V,6M,
승강장확인용 무선영상 전송시스템,계측,6. 지상 IDU 전원분배기 출력전압 측정 - AC220V±10%,6M,
승강장확인용 무선영상 전송시스템,계측,7. 차상 ODU 주파수특성 측정 - 송신 : 주파수 18.865~18.915GHz - 수신 : 주파수 19.205~19.255GHz,6M,
승강장확인용 무선영상 전송시스템,계측,8. 차상 IDU IF 주파수 특성측정 - 송신 : 주파수 1.70~1.85GHz - 수신 : 주파수 2.0~2.15GHz,6M,
승강장확인용 무선영상 전송시스템,계측,9. 시험장치 ODU 주파수 특성측정 - 송신 : 주파수 19.205~19.255GHz - 수신 : 주파수 18.865~18.915GHz,6M,
승강장확인용 무선영상 전송시스템,계측,"10. 시험장치 장치별 출력레벨 측정 - 송신출력 +10dBm(상한 20%,하한 50% 이내)",6M,
승강장확인용 무선영상 전송시스템,계측,11. 차·지상장치 스프리어스 측정,6M,
비상인터폰용 무선통화설비,상태,1. 송신 및 채널램프의 점등상태 양부,3M,
비상인터폰용 무선통화설비,상태,"2. 채널스위치, 볼륨 스위치의 상태",3M,
비상인터폰용 무선통화설비,상태,"3. 안테나, 급전선 및 각종 배관배선 접속, 손상여부",3M,
비상인터폰용 무선통화설비,상태,"4. 무선송,수신기 접지접속 상태",3M,
비상인터폰용 무선통화설비,동작,1. 배터리 충전상태,1Y,
비상인터폰용 무선통화설비,동작,2. 절체스위치 유·무선 전환시험,1Y,
비상인터폰용 무선통화설비,계측,1. 음성입출력 레벨 범위 (-65dB∼+31dB),3M,
비상인터폰용 무선통화설비,계측,"2. 송신주파수 측정(6/1,000,000㎐이하)",1Y,
비상인터폰용 무선통화설비,계측,3. 수신감도 측정(감도0.5㎶이하),1Y,
비상인터폰용 무선통화설비,계측,4. 최대주파수편이 측정(:±2.5㎑이내),1Y,
비상통화장치(콜폰),상태,"1. 주장치, 자장치 취부상태",3M,
비상통화장치(콜폰),상태,"2. 주장치, 자장치 수신 스피커",3M,
비상통화장치(콜폰),동작,1. 호출 통화 시험,3M,
무선도청탐지 시스템,상태,"1. 관리서버, 단말PC 동작 및 경보상태",3M,
무선도청탐지 시스템,상태,2. 관리서버~단말PC~단말기간 통신상태,3M,
무선도청탐지 시스템,상태,3. 단말기 동작 및 LED램프상태,3M,
무선도청탐지 시스템,상태,4. 단말기별 주파수 수집상태,3M,
무선도청탐지 시스템,상태,5. 주파수 정보테이블 등록상태 ,3M,
무선도청탐지 시스템,상태,6. 전대역(1MHz~6GHz) 탐지 및 탐지시간,3M,
무선도청탐지 시스템,상태,7. 탐지해상도 및 수신감도 상태,3M,
